Regione,Provincia,Comune,nome_stazione,tipo_zona,tipo_stazione,Lon,Lat,anno,n_misure,sup25,sup15,media_annua,minimo,perc5,perc25,perc50,perc75,perc95,perc99.2,massimo,copertura,superamenti_ma,superamenti_ma10,superamenti_ma5,superamenti_d,superamenti_d15
Piemonte,Torino,Borgaro Torinese,Borgaro T. - Caduti,SUBURBANA,FONDO,7.658,45.1546,2019,359,81,187,19,5,5,11,16,24,44,63,72,1,0,1,1,1,1
Piemonte,Torino,Ivrea,Ivrea - Liberazione,SUBURBANA,FONDO,7.878,45.4512,2019,350,57,122,16,4,5,8,13,19,44,63,78,1,0,1,1,1,1
Piemonte,Torino,Settimo Torinese,Settimo T. - Vivaldi,URBANA,TRAFFICO,7.7782,45.1432,2019,355,97,179,22,5,5,10,16,28,60,74,89,1,0,1,1,1,1
Piemonte,Torino,Torino,Torino - Rebaudengo,URBANA,TRAFFICO,7.69534,45.10407,2019,309,108,200,25,1,7,13,20,30,58,70,89,0,0,1,1,1,1
Piemonte,Torino,Torino,Torino - Rubino,URBANA,FONDO,7.6259,45.0419,2019,342,80,156,20,4,7,10,14,25,54,68,78,1,0,1,1,1,1
Piemonte,Vercelli,Borgosesia,Borgosesia - Tonella,URBANA,FONDO,8.2835,45.7132,2019,363,28,109,13,4,5,8,11,17,30,43,50,1,0,1,1,1,1
Piemonte,Vercelli,Vercelli,Vercelli - CONI,SUBURBANA,FONDO,8.4024,45.3189,2019,360,73,165,18,4,5,10,14,23,44,64,70,1,0,1,1,1,1
Piemonte,Cuneo,Cuneo,Cuneo - Alpini,URBANA,FONDO,7.5382,44.3818,2019,353,27,112,13,5,5,7,12,17,30,44,46,1,0,1,1,1,1
Piemonte,Asti,Vinchio,Vinchio - San Michele,RURALE,FONDO,8.3103,44.808,2019,353,53,119,16,5,5,8,13,19,39,56,65,1,0,1,1,1,1
Piemonte,Alessandria,Alessandria,Alessandria - Volta,URBANA,FONDO,8.6232,44.9203,2019,363,88,180,20,5,5,10,15,25,53,70,78,1,0,1,1,1,1
Piemonte,Alessandria,Dernice,Dernice - Costa,RURALE,FONDO,9.0524,44.7633,2019,363,6,50,9,5,5,5,7,12,20,30,60,1,0,0,1,0,1
Piemonte,Biella,Biella,Biella - Sturzo,URBANA,FONDO,8.0564,45.5588,2019,358,16,49,10,5,5,5,8,12,25,43,55,1,0,0,1,0,1
Piemonte,Verbano-Cusio-Ossola,Verbania,Verbania - Gabardi,URBANA,FONDO,8.5655,45.9303,2019,361,11,61,10,5,5,6,9,13,22,36,41,1,0,0,1,0,1
Valle d'Aosta,Aosta,Aosta,AOSTA (PIAZZA PLOUVES),URBANA,FONDO,7.32417,45.73583,2019,362,14,58,10,0,2,6,9,13,24,33,37,1,0,0,1,0,1
Valle d'Aosta,Aosta,Aosta,Aosta Liconi,URBANA,FONDO,7.30433,45.73444,2019,349,18,72,11,1,3,7,10,14,26,34,37,1,0,1,1,0,1
Lombardia,Varese,Saronno,SARONNO - SANTUARIO,URBANA,FONDO,9.024167,45.626944,2019,365,69,145,17,0,3,8,12,21,46,66,97,1,0,1,1,1,1
Lombardia,Varese,Varese,VARESE - VIA COPELLI,URBANA,TRAFFICO,8.820278,45.816944,2019,354,79,184,19,2,6,12,16,25,39,59,89,1,0,1,1,1,1
Lombardia,Como,Como,COMO - VIALE CATTANEO,URBANA,TRAFFICO,9.08361,45.80444,2019,345,86,198,20,1,6,12,17,25,47,63,72,1,0,1,1,1,1
Lombardia,Sondrio,Bormio,BORMIO,URBANA,FONDO,10.3725,46.470278,2019,344,14,64,10,0,1,5,8,13,24,32,40,1,0,0,1,0,1
Lombardia,Sondrio,Sondrio,SONDRIO - VIA PARIBELLI,URBANA,FONDO,9.88028,46.16861,2019,360,61,159,16,2,5,10,14,21,36,49,65,1,0,1,1,1,1
Lombardia,Milano,Milano,MILANO - SENATO,URBANA,TRAFFICO,9.198056,45.469722,2019,357,97,181,21,0,5,10,15,27,56,71,84,1,0,1,1,1,1
Lombardia,Milano,Milano,MILANO PASCAL CITT� STUDI,URBANA,FONDO,9.23583,45.47833,2019,341,85,174,21,3,6,11,15,25,57,78,83,1,0,1,1,1,1
Lombardia,Milano,Sesto San Giovanni,SESTO S.GIOVANNI,URBANA,TRAFFICO,9.236389,45.533889,2019,316,88,161,21,0,5,10,15,26,54,74,79,1,0,1,1,1,1
Lombardia,Bergamo,Bergamo,BERGAMO - VIA MEUCCI,URBANA,FONDO,9.643889,45.690278,2019,363,99,207,20,3,6,11,16,26,48,68,77,1,0,1,1,1,1
Lombardia,Bergamo,Calusco d'Adda,CALUSCO,SUBURBANA,FONDO,9.466667,45.683333,2019,351,74,166,18,0,4,10,14,22,45,62,72,1,0,1,1,1,1
Lombardia,Bergamo,Casirate d'Adda,CASIRATE D'ADDA,RURALE,FONDO,9.556389,45.4975,2019,335,109,224,24,4,7,13,19,30,59,77,79,1,0,1,1,1,1
Lombardia,Bergamo,Dalmine,DALMiNE - Via Verdi,URBANA,FONDO,9.61472,45.64389,2019,303,105,211,23,3,8,14,20,29,51,73,77,0,0,1,1,1,1
Lombardia,Bergamo,Treviglio,TREVIGLIO,URBANA,TRAFFICO,9.591389,45.518333,2019,363,73,160,18,3,6,10,14,22,44,63,67,1,0,1,1,1,1
Lombardia,Brescia,Brescia,BRESCIA - BROLETTO,URBANA,TRAFFICO,10.22361,45.54083,2019,333,74,159,19,0,5,10,14,22,46,69,89,1,0,1,1,1,1
Lombardia,Brescia,Brescia,BRESCIA VILLAGGIO SERENO,URBANA,FONDO,10.219444,45.515278,2019,345,135,244,25,3,7,14,22,32,54,67,83,1,0,1,1,1,1
Lombardia,Brescia,Darfo Boario Terme,DARFO_2,SUBURBANA,FONDO,10.1775,45.873889,2019,331,113,228,23,3,7,14,20,29,47,62,68,1,0,1,1,1,1
Lombardia,Pavia,Pavia,PAVIA - VIA FOLPERTI,URBANA,FONDO,9.164722,45.193889,2019,309,101,192,23,1,6,12,19,30,59,78,90,0,0,1,1,1,1
Lombardia,Pavia,Sannazzaro de' Burgondi,SANNAZZARO,URBANA,INDUSTRIALE,8.90556,45.10167,2019,338,91,190,20,3,7,12,17,26,46,66,76,1,0,1,1,1,1
Lombardia,Cremona,Cremona,CREMONA - P.ZZA CADORNA,URBANA,TRAFFICO,10.016667,45.132778,2019,359,98,170,21,2,5,9,14,26,57,75,87,1,0,1,1,1,1
Lombardia,Cremona,Cremona,CREMONA VIA FATEBENEFRATELLI,URBANA,FONDO,10.045833,45.142222,2019,325,128,233,26,2,7,14,21,32,63,80,96,1,1,1,1,1,1
Lombardia,Cremona,Soresina,SORESINA,SUBURBANA,TRAFFICO,9.864167,45.284722,2019,344,143,251,26,1,8,14,22,34,59,72,90,1,1,1,1,1,1
Lombardia,Mantova,Mantova,MANTOVA SANT'AGNESE,URBANA,FONDO,10.795556,45.160556,2019,345,90,153,21,2,4,8,13,26,60,86,100,1,0,1,1,1,1
Lombardia,Mantova,Ponti sul Mincio,PONTI SUL MINCIO,SUBURBANA,FONDO,10.69194,45.41083,2019,350,83,203,21,4,7,12,17,24,53,72,79,1,0,1,1,1,1
Lombardia,Mantova,Schivenoglia,SCHIVENOGLIA,RURALE,FONDO,11.07083,44.99694,2019,338,94,190,20,1,5,11,16,26,50,68,83,1,0,1,1,1,1
Lombardia,Lecco,Lecco,LECCO VIA SORA,URBANA,FONDO,9.395833,45.849444,2019,348,28,110,13,0,3,7,11,17,30,50,61,1,0,1,1,1,1
Lombardia,Lecco,Merate,MERATE,URBANA,TRAFFICO,9.40619194,45.69795956,2019,352,83,178,19,3,6,11,15,24,47,59,73,1,0,1,1,1,1
Lombardia,Lecco,Moggio,MOGGIO,RURALE,FONDO,9.496944,45.913056,2019,348,18,74,10,0,1,4,8,14,25,34,38,1,0,0,1,0,1
Lombardia,Lodi,Lodi,LODI Vignati,URBANA,TRAFFICO,9.485556,45.305278,2019,361,65,124,15,2,3,6,11,19,46,65,74,1,0,1,1,1,1
Lombardia,Lodi,Lodi,LODI S.ALBERTO,URBANA,FONDO,9.49528589,45.30278678,2019,346,104,208,23,3,7,13,17,28,55,72,82,1,0,1,1,1,1
Lombardia,Monza e della Brianza,Monza,MONZA - VIA  MACHIAVELLI,URBANA,FONDO,9.27444,45.58111,2019,339,95,195,20,1,5,11,17,27,47,57,60,1,0,1,1,1,1
Trentino-Alto Adige,Bolzano,Laces,LA1 Laces,URBANA,FONDO,10.85906,46.61947,2019,356,25,79,11,0,2,6,9,14,27,39,41,1,0,1,1,1,1
Trentino-Alto Adige,Bolzano,Laives,LS1 Laives,SUBURBANA,FONDO,11.34014,46.43483,2019,356,12,83,12,1,3,7,10,15,22,32,48,1,0,1,1,0,1
Trentino-Alto Adige,Trento,Borgo Valsugana,BORGO VAL,SUBURBANA,FONDO,11.45389,46.05184,2019,345,52,121,15,2,5,8,13,20,34,47,56,1,0,1,1,1,1
Trentino-Alto Adige,Trento,Rovereto,ROVERETO LGP,URBANA,FONDO,11.03941,45.89244,2019,344,22,92,13,2,4,8,12,16,28,40,61,1,0,1,1,1,1
Trentino-Alto Adige,Trento,Trento,TRENTO PSC,URBANA,FONDO,11.1262,46.06293,2019,358,20,104,13,0,4,9,12,16,26,34,40,1,0,1,1,1,1
Veneto,Verona,Verona,VR- Giarol Grande,URBANA,FONDO,11.030096,45.43301,2019,356,78,188,19,2,2,9,16,23,51,66,84,1,0,1,1,1,1
Veneto,Vicenza,Bassano del Grappa,BASSANO DEL GRAPPA,URBANA,FONDO,11.736667,45.760833,2019,353,50,130,16,2,2,8,13,19,45,73,104,1,0,1,1,1,1
Veneto,Vicenza,Schio,SCHIO,URBANA,FONDO,11.368611,45.714444,2019,360,58,154,18,2,6,10,14,20,44,74,109,1,0,1,1,1,1
Veneto,Vicenza,Vicenza,VI - Quartiere Italia,URBANA,FONDO,11.539722,45.560556,2019,362,123,245,26,4,8,14,19,31,62,97,119,1,1,1,1,1,1
Veneto,Belluno,Belluno,BL - Parco Citt� di Bologna,URBANA,FONDO,12.216944,46.141389,2019,348,31,104,13,2,5,8,11,17,31,44,46,1,0,1,1,1,1
Veneto,Belluno,Feltre,AREA FELTRINA,SUBURBANA,FONDO,11.905833,46.030833,2019,360,78,147,18,2,5,9,14,23,47,59,83,1,0,1,1,1,1
Veneto,Treviso,Conegliano,CONEGLIANO,URBANA,FONDO,12.308056,45.890556,2019,346,67,166,19,4,7,11,15,22,47,83,116,1,0,1,1,1,1
Veneto,Treviso,Mansuè,MANSUE',RURALE,FONDO,12.510278,45.836944,2019,340,93,169,21,2,2,9,15,28,56,82,144,1,0,1,1,1,1
Veneto,Treviso,Treviso,TV - Via Lancieri di Novara,URBANA,FONDO,12.238611,45.6725,2019,333,77,152,20,2,2,9,15,24,61,86,135,1,0,1,1,1,1
Veneto,Venezia,San Donà di Piave,SAN DONA' DI PIAVE,URBANA,FONDO,12.591667,45.630278,2019,360,75,131,18,2,2,5,11,22,56,89,203,1,0,1,1,1,1
Veneto,Venezia,Venezia,VE - Parco Bissuola,URBANA,FONDO,12.262222,45.499167,2019,363,95,174,22,2,6,10,15,26,62,96,155,1,0,1,1,1,1
Veneto,Venezia,Venezia,VE - Malcontenta,SUBURBANA,INDUSTRIALE,12.205556,45.438333,2019,362,110,212,25,5,7,12,18,30,74,97,146,1,0,1,1,1,1
Veneto,Padova,Este,ESTE,SUBURBANA,INDUSTRIALE,11.665833,45.226667,2019,350,76,129,19,2,2,7,12,22,61,95,103,1,0,1,1,1,1
Veneto,Padova,Padova,PD - Mandria,URBANA,FONDO,11.841944,45.371944,2019,132,62,88,34,4,6,13,24,49,85,110,112,0,1,1,1,1,1
Veneto,Rovigo,Rovigo,RO - Largo Martiri,URBANA,TRAFFICO,11.78333,45.07472,2019,356,106,183,24,2,7,11,16,29,67,90,112,1,0,1,1,1,1
Friuli Venezia Giulia,Udine,Udine,V.Cairoli,URBANA,FONDO,13.24069,46.06612,2019,349,38,112,14,2,5,8,12,17,34,65,80,1,0,1,1,1,1
Friuli Venezia Giulia,Gorizia,Grado,A2A Fossalon,RURALE,FONDO,13.48636,45.73162,2019,346,23,67,11,1,3,5,9,13,29,57,70,1,0,1,1,1,1
Friuli Venezia Giulia,Gorizia,Monfalcone,A2A Via Natisone,URBANA,INDUSTRIALE,13.52205,45.80518,2019,295,22,70,12,2,4,7,10,15,31,55,69,0,0,1,1,1,1
Friuli Venezia Giulia,Trieste,Trieste,Via del Ponticello,SUBURBANA,INDUSTRIALE,13.78376,45.62062,2019,349,22,94,13,0,4,7,11,15,28,50,76,1,0,1,1,1,1
Friuli Venezia Giulia,Trieste,Trieste,p.le Rosmini,URBANA,FONDO,13.766081,45.640486,2019,338,15,63,11,3,4,7,10,14,22,47,69,1,0,1,1,0,1
Friuli Venezia Giulia,Pordenone,Pordenone,Pordenone Centro 1,URBANA,TRAFFICO,12.65594,45.96262,2019,356,61,152,17,1,6,10,14,20,40,85,92,1,0,1,1,1,1
Liguria,Savona,Albenga,REGIONE CAVALLO - ALBENGA,URBANA,TRAFFICO,8.20544,44.05259,2019,339,18,100,13,1,5,9,12,16,25,37,42,1,0,1,1,0,1
Liguria,Savona,Cairo Montenotte,LOCALITA' FARINA - CAIRO MONTENOTTE,SUBURBANA,INDUSTRIALE,8.28068,44.38241,2019,321,43,126,15,2,5,9,13,19,34,50,71,1,0,1,1,1,1
Liguria,Savona,Cairo Montenotte,LOCALITA' MAZZUCCA - CAIRO MONTENOTTE,SUBURBANA,INDUSTRIALE,8.2838,44.38325,2019,341,40,141,15,3,5,10,13,18,32,44,64,1,0,1,1,1,1
Liguria,Savona,Cairo Montenotte,LOCALITA' BRAGNO - CAIRO MONTENOTTE,SUBURBANA,INDUSTRIALE,8.29868,44.37494,2019,340,50,123,15,4,5,9,13,19,37,47,67,1,0,1,1,1,1
Liguria,Savona,Cengio,CENGIO - RIO PARASACCO,RURALE-NEARCITY,FONDO,8.20604,44.39703,2019,341,6,33,9,1,3,5,8,11,19,30,43,1,0,0,1,0,1
Liguria,Savona,Quiliano,MERCATO GENERALE - QUILIANO,SUBURBANA,INDUSTRIALE,8.43169,44.28709,2019,348,13,93,12,0,4,7,11,16,24,32,48,1,0,1,1,0,1
Liguria,Savona,Savona,VIA SAN LORENZO - SAVONA,URBANA,TRAFFICO,8.47729,44.31306,2019,320,18,97,13,1,4,8,11,16,25,38,60,1,0,1,1,0,1
Liguria,Savona,Savona,VARALDO - SAVONA,URBANA,FONDO,8.48542,44.31538,2019,345,7,42,9,1,3,5,8,12,19,27,51,1,0,0,1,0,1
Liguria,Savona,Vado Ligure,VIA AURELIA - VIA FERRARIS - VADO L.,URBANA,TRAFFICO,8.43892,44.27253,2019,346,25,119,14,2,5,8,12,17,27,39,50,1,0,1,1,1,1
Liguria,Savona,Vado Ligure,VIA DE LITTA - VADO LIGURE,SUBURBANA,INDUSTRIALE,8.44565,44.26179,2019,357,12,79,12,2,5,7,10,14,22,36,45,1,0,1,1,0,1
Liguria,Genova,Genova,QUARTO - GENOVA,URBANA,FONDO,8.99154,44.39489,2019,312,0,11,7,1,2,4,6,9,14,18,21,0,0,0,1,0,1
Liguria,Genova,Genova,CORSO EUROPA - VIA S. MARTINO - GENOVA,URBANA,TRAFFICO,8.96819,44.40492,2019,337,8,94,13,3,6,10,12,15,21,27,35,1,0,1,1,0,1
Liguria,La Spezia,La Spezia,SAN CIPRIANO - LIBERTA - LA SPEZIA,URBANA,TRAFFICO,9.83211,44.11081,2019,352,7,96,12,1,5,8,12,16,22,26,29,1,0,1,1,0,1
Liguria,La Spezia,La Spezia,MAGGIOLINA - LA SPEZIA,URBANA,FONDO,9.84394,44.11603,2019,356,7,73,11,0,4,7,10,14,21,28,33,1,0,1,1,0,1
Liguria,La Spezia,La Spezia,FOSSAMASTRA - LA SPEZIA,URBANA,INDUSTRIALE,9.8577,44.10666,2019,287,4,37,9,0,3,5,8,12,20,26,29,0,0,0,1,0,1
Emilia-Romagna,Piacenza,Besenzone,BESENZONE,RURALE,FONDO,10.019167,44.989444,2019,339,97,217,22,0,5,12,18,28,53,70,79,1,0,1,1,1,1
Emilia-Romagna,Piacenza,Piacenza,PARCO MONTECUCCO,URBANA,FONDO,9.669167,45.038333,2019,354,85,207,21,3,7,12,17,25,47,69,82,1,0,1,1,1,1
Emilia-Romagna,Parma,Langhirano,BADIA,RURALE,FONDO,10.288889,44.6575,2019,352,33,84,12,0,3,7,10,15,29,43,50,1,0,1,1,1,1
Emilia-Romagna,Parma,Parma,CITTADELLA,URBANA,FONDO,10.33167,44.79361,2019,351,66,146,17,0,4,8,13,22,48,66,91,1,0,1,1,1,1
Emilia-Romagna,Reggio nell'Emilia,Castellarano,CASTELLARANO,SUBURBANA,FONDO,10.733889,44.516111,2019,360,70,164,18,0,5,9,14,22,45,61,80,1,0,1,1,1,1
Emilia-Romagna,Reggio nell'Emilia,Guastalla,SAN ROCCO,RURALE,FONDO,10.663889,44.873056,2019,361,93,177,20,1,4,10,15,26,52,69,87,1,0,1,1,1,1
Emilia-Romagna,Reggio nell'Emilia,Reggio nell'Emilia,S. LAZZARO,URBANA,FONDO,10.664722,44.690833,2019,360,67,154,18,1,5,10,14,21,45,61,76,1,0,1,1,1,1
Emilia-Romagna,Modena,Mirandola,GAVELLO,RURALE,FONDO,11.17795,44.92784,2019,350,76,164,19,1,5,10,15,24,50,71,84,1,0,1,1,1,1
Emilia-Romagna,Modena,Modena,PARCO FERRARI,URBANA,FONDO,10.90633,44.65061,2019,361,75,156,18,1,4,9,14,23,47,65,81,1,0,1,1,1,1
Emilia-Romagna,Modena,Sassuolo,PARCO EDILCARANI,URBANA,FONDO,10.79139,44.53944,2019,358,48,104,14,1,4,7,11,17,35,57,65,1,0,1,1,1,1
Emilia-Romagna,Bologna,Bologna,GIARDINI MARGHERITA,URBANA,FONDO,11.355,44.48333,2019,356,49,99,14,0,3,6,10,16,38,54,61,1,0,1,1,1,1
Emilia-Romagna,Bologna,Bologna,PORTA SAN FELICE,URBANA,TRAFFICO,11.32833,44.49972,2019,355,60,125,16,0,5,9,12,19,41,59,64,1,0,1,1,1,1
Emilia-Romagna,Bologna,Molinella,SAN PIETRO CAPOFIUME,RURALE,FONDO,11.639444,44.662222,2019,355,67,138,17,0,3,8,13,21,45,58,73,1,0,1,1,1,1
Emilia-Romagna,Bologna,Alto Reno Terme,CASTELLUCCIO,RURALE,FONDO,10.926111,44.15,2019,338,0,8,6,0,0,3,5,8,14,17,21,1,0,0,1,0,1
Emilia-Romagna,Ferrara,Ferrara,VILLA FULVIA,URBANA,FONDO,11.649722,44.825,2019,363,68,133,17,0,3,8,12,20,50,67,88,1,0,1,1,1,1
Emilia-Romagna,Ferrara,Jolanda di Savoia,GHERARDI,RURALE,FONDO,11.961111,44.839722,2019,351,72,151,18,2,4,9,14,22,48,65,83,1,0,1,1,1,1
Emilia-Romagna,Ferrara,Ostellato,OSTELLATO,RURALE,FONDO,11.942222,44.741667,2019,363,74,150,18,0,3,8,13,22,47,62,87,1,0,1,1,1,1
Emilia-Romagna,Ravenna,Alfonsine,BALLIRANA,RURALE,FONDO,11.981381,44.526485,2019,362,63,159,17,0,5,10,14,21,43,55,58,1,0,1,1,1,1
Emilia-Romagna,Ravenna,Faenza,PARCO BERTOZZI,URBANA,FONDO,11.873396,44.285612,2019,350,50,109,15,2,5,8,12,19,41,51,65,1,0,1,1,1,1
Emilia-Romagna,Ravenna,Ravenna,CAORLE,URBANA,FONDO,12.225556,44.42,2019,342,71,159,19,4,6,9,14,23,51,64,68,1,0,1,1,1,1
Emilia-Romagna,Forli'-Cesena,Forlì,PARCO RESISTENZA,URBANA,FONDO,12.048889,44.219167,2019,361,54,107,14,0,3,6,10,17,40,54,63,1,0,1,1,1,1
Emilia-Romagna,Forli'-Cesena,Savignano sul Rubicone,SAVIGNANO,SUBURBANA,FONDO,12.4025,44.095833,2019,349,63,124,16,0,3,7,11,20,46,57,61,1,0,1,1,1,1
Emilia-Romagna,Rimini,Rimini,MARECCHIA,URBANA,FONDO,12.553333,44.0625,2019,348,64,115,16,0,3,7,11,19,49,59,62,1,0,1,1,1,1
Emilia-Romagna,Rimini,San Clemente,SAN CLEMENTE,RURALE,FONDO,12.6275,43.932778,2019,354,24,93,12,0,2,5,9,16,28,50,57,1,0,1,1,1,1
Toscana,Massa Carrara,Massa,MS-MARINA-VECCHIA,URBANA,TRAFFICO,10.13276,44.0311,2019,354,11,70,11,2,5,7,10,14,23,30,40,1,0,1,1,0,1
Toscana,Lucca,Capannori,LU-CAPANNORI,URBANA,FONDO,10.573889,43.840833,2019,361,73,133,20,3,5,9,12,21,64,124,144,1,0,1,1,1,1
Toscana,Lucca,Viareggio,LU-VIAREGGIO,URBANA,FONDO,10.245,43.883889,2019,353,35,104,14,3,5,8,11,17,33,49,53,1,0,1,1,1,1
Toscana,Pistoia,Montale,PT-MONTALE,RURALE,FONDO,11.00694,43.91611,2019,334,54,114,16,3,5,8,12,18,41,77,119,1,0,1,1,1,1
Toscana,Firenze,Firenze,FI-GRAMSCI,URBANA,TRAFFICO,11.27222,43.77306,2019,347,32,129,16,5,8,10,14,18,30,50,63,1,0,1,1,1,1
Toscana,Firenze,Firenze,FI-BASSI,URBANA,FONDO,11.2875,43.78667,2019,354,17,72,12,2,4,7,10,14,25,49,62,1,0,1,1,0,1
Toscana,Livorno,Livorno,LI-CAPPIELLO,URBANA,FONDO,10.321667,43.52,2019,345,0,30,9,2,4,6,8,12,17,21,23,1,0,0,1,0,1
Toscana,Livorno,Livorno,LI-CARDUCCI,URBANA,TRAFFICO,10.32972,43.55472,2019,356,10,78,12,3,6,8,11,15,22,31,34,1,0,1,1,0,1
Toscana,Pisa,Pisa,PI-PASSI,URBANA,FONDO,10.401667,43.738889,2019,351,27,74,12,0,4,7,10,14,31,50,59,1,0,1,1,1,1
Toscana,Pisa,Pisa,PI-BORGHETTO,URBANA,TRAFFICO,10.41056,43.71389,2019,358,41,131,16,5,7,10,13,19,33,60,69,1,0,1,1,1,1
Toscana,Arezzo,Arezzo,AR-ACROPOLI,URBANA,FONDO,11.88889,43.46111,2019,359,21,69,12,3,4,7,10,14,27,48,57,1,0,1,1,1,1
Toscana,Siena,Poggibonsi,SI-POGGIBONSI,URBANA,FONDO,11.14194,43.47278,2019,350,12,67,12,2,5,8,11,14,23,33,35,1,0,1,1,0,1
Toscana,Grosseto,Grosseto,GR-URSS,URBANA,FONDO,11.11917,42.77861,2019,350,0,23,9,2,4,7,9,12,16,21,23,1,0,0,1,0,1
Toscana,Prato,Prato,PO-FERRUCCI,URBANA,TRAFFICO,11.10528,43.87472,2019,359,41,121,16,2,5,8,12,18,40,81,99,1,0,1,1,1,1
Toscana,Prato,Prato,PO-ROMA,URBANA,FONDO,11.09194,43.87278,2019,357,42,109,15,2,4,8,11,17,42,93,116,1,0,1,1,1,1
Umbria,Perugia,Città di Castello,C Castello,URBANA,FONDO,12.245833,43.456944,2019,336,65,160,18,3,7,10,15,22,44,59,65,1,0,1,1,1,1
Umbria,Perugia,Foligno,PORTA ROMANA,URBANA,TRAFFICO,12.70778,42.95167,2019,356,45,142,16,3,6,10,13,17,41,60,77,1,0,1,1,1,1
Umbria,Perugia,Giano dell'Umbria,M Martani,RURALE,FONDO,12.56611,42.80472,2019,293,2,16,7,1,1,4,7,10,16,23,33,0,0,0,1,0,1
Umbria,Perugia,Gubbio,PIAZZA 40 MARTIRI,URBANA,TRAFFICO,12.57639,43.35278,2019,342,15,70,11,1,4,6,9,14,23,32,37,1,0,1,1,0,1
Umbria,Perugia,Gubbio,Ghigiano,SUBURBANA,INDUSTRIALE,12.611667,43.273889,2019,342,7,45,9,1,3,5,8,12,19,30,34,1,0,0,1,0,1
Umbria,Perugia,Gubbio,Leonardo da Vinci,SUBURBANA,INDUSTRIALE,12.557222,43.358333,2019,344,33,115,14,3,6,9,12,17,31,38,54,1,0,1,1,1,1
Umbria,Perugia,Gubbio,Padule,SUBURBANA,INDUSTRIALE,12.618611,43.317778,2019,341,18,54,11,1,4,6,9,12,25,38,41,1,0,1,1,0,1
Umbria,Perugia,Gubbio,Semonte Alta,SUBURBANA,INDUSTRIALE,12.546944,43.3675,2019,352,0,15,7,1,2,4,7,10,15,20,23,1,0,0,1,0,1
Umbria,Perugia,Magione,Magione,SUBURBANA,FONDO,12.205833,43.133056,2019,349,18,53,11,1,4,6,9,13,25,41,57,1,0,1,1,0,1
Umbria,Perugia,Perugia,CORTONESE,URBANA,FONDO,12.36611,43.10306,2019,315,27,147,16,1,5,10,14,20,30,50,53,1,0,1,1,1,1
Umbria,Perugia,Perugia,P.S.GIOVANNI,URBANA,TRAFFICO,12.44194,43.08889,2019,347,37,113,15,1,5,9,11,17,38,51,86,1,0,1,1,1,1
Umbria,Perugia,Perugia,FONTIVEGGE1,URBANA,TRAFFICO,12.37472,43.10444,2019,350,17,65,11,2,4,7,9,13,24,39,61,1,0,1,1,0,1
Umbria,Perugia,Spoleto,Piazza Vittoria,URBANA,FONDO,12.73722,42.73972,2019,351,2,34,10,3,4,7,9,12,19,24,32,1,0,0,1,0,1
Umbria,Perugia,Spoleto,S. Martino in Trignano,SUBURBANA,INDUSTRIALE,12.666389,42.743333,2019,301,61,193,19,1,6,13,17,23,40,56,60,0,0,1,1,1,1
Umbria,Perugia,Torgiano,BRUFA,RURALE,FONDO,12.46806,43.06694,2019,316,17,62,11,1,3,6,9,14,26,37,40,1,0,1,1,0,1
Umbria,Terni,Amelia,Amelia,URBANA,FONDO,12.419722,42.551944,2019,349,12,109,13,1,5,9,12,16,24,31,41,1,0,1,1,0,1
Umbria,Terni,Narni,Narni Scalo,SUBURBANA,FONDO,12.52194,42.53417,2019,314,57,127,17,3,6,10,14,20,43,57,66,1,0,1,1,1,1
Umbria,Terni,Orvieto,Ciconia2,SUBURBANA,FONDO,12.136667,42.737222,2019,346,7,37,10,1,4,6,9,12,18,27,31,1,0,0,1,0,1
Umbria,Terni,Terni,CARRARA,URBANA,TRAFFICO,12.65083,42.56,2019,360,55,142,17,5,6,10,14,19,40,59,62,1,0,1,1,1,1
Umbria,Terni,Terni,BORGO RIVO,URBANA,FONDO,12.62361,42.58194,2019,347,51,139,17,4,6,10,13,19,48,68,79,1,0,1,1,1,1
Umbria,Terni,Terni,Le Grazie,URBANA,FONDO,12.65167,42.55222,2019,353,63,143,18,3,6,10,14,21,48,77,86,1,0,1,1,1,1
Marche,Pesaro e Urbino,Pesaro,VIA SCARPELLINI,SUBURBANA,FONDO,12.91889,43.89333,2019,352,54,159,17,5,7,10,14,20,37,60,67,1,0,1,1,1,1
Marche,Ancona,Ancona,Ancona Cittadella,URBANA,FONDO,13.50861,43.61167,2019,322,34,104,14,1,4,8,12,17,33,53,61,1,0,1,1,1,1
Marche,Ancona,Ancona,LABORATORIO MOBILE,URBANA,INDUSTRIALE,13.4923,43.605898,2019,345,32,89,13,3,5,8,11,15,30,52,66,1,0,1,1,1,1
Marche,Ancona,Chiaravalle,CHIARAVALLE2,SUBURBANA,FONDO,13.34194,43.59889,2019,351,34,101,14,3,6,8,12,16,32,48,61,1,0,1,1,1,1
Marche,Ancona,Falconara Marittima,FALCONARA SCUOLA,SUBURBANA,INDUSTRIALE,13.3875,43.63333,2019,351,47,131,15,2,5,8,13,18,34,59,67,1,0,1,1,1,1
Marche,Ancona,Genga,Genga -Parco Gola della Rossa,RURALE-REGIONALE,FONDO,12.95222,43.46806,2019,329,0,35,10,1,5,7,9,13,17,20,23,1,0,0,1,0,1
Marche,Macerata,Civitanova Marche,Civitanova IPPODROMO S. MARONE,RURALE,FONDO,13.67472,43.33556,2019,352,0,51,10,3,5,7,9,13,18,22,24,1,0,0,1,0,1
Marche,Macerata,Macerata,Macerata COLLEVARIO,SUBURBANA,FONDO,13.42861,43.285,2019,354,0,36,10,4,6,8,9,12,17,19,21,1,0,0,1,0,1
Marche,Ascoli Piceno,Ascoli Piceno,MONTICELLI,URBANA,FONDO,13.61944,42.84861,2019,358,20,124,14,1,5,9,13,18,26,37,46,1,0,1,1,1,1
Marche,Ascoli Piceno,Montemonaco,MONTEMONACO,RURALE-REGIONALE,FONDO,13.33667,42.90056,2019,349,0,12,6,2,3,4,6,8,12,18,23,1,0,0,1,0,1
Marche,Ascoli Piceno,Ripatransone,RIPATRANSONE,RURALE-REGIONALE,FONDO,13.78472,42.99222,2019,284,4,52,10,0,2,6,9,13,22,26,30,0,0,0,1,0,1
Lazio,Viterbo,Acquapendente,ACQUAPENDENTE,RURALE,FONDO,11.87643,42.736572,2019,350,0,40,10,3,4,7,10,13,18,22,24,1,0,0,1,0,1
Lazio,Viterbo,Viterbo,VITERBO,URBANA,TRAFFICO,12.109196,42.42212,2019,361,7,63,11,1,5,7,10,14,21,28,32,1,0,1,1,0,1
Lazio,Rieti,Leonessa,LEONESSA,RURALE,FONDO,12.962063,42.572591,2019,365,0,18,8,1,2,5,7,10,15,20,24,1,0,0,1,0,1
Lazio,Rieti,Rieti,RIETI,URBANA,TRAFFICO,12.857794,42.404687,2019,358,21,68,11,0,3,6,9,14,26,37,51,1,0,1,1,1,1
Lazio,Roma,Allumiere,Allumiere Aldo Moro,RURALE,FONDO,11.900004,42.160966,2019,360,2,21,8,0,2,5,8,11,16,18,28,1,0,0,1,0,1
Lazio,Roma,Civitavecchia,S. Agostino,RURALE,FONDO,11.742706,42.159983,2019,190,0,20,10,0,4,8,10,13,17,22,22,0,0,0,1,0,1
Lazio,Roma,Civitavecchia,Fiumaretta,URBANA,TRAFFICO,11.784396,42.102156,2019,360,0,28,9,3,5,6,9,12,16,20,21,1,0,0,1,0,1
Lazio,Roma,Civitavecchia,Faro,URBANA,FONDO,11.817652,42.098837,2019,339,0,16,9,1,2,5,8,12,15,19,21,1,0,0,1,0,1
Lazio,Roma,Civitavecchia,Campo dell'Oro,URBANA,FONDO,11.809369,42.081792,2019,364,0,7,8,2,4,6,8,10,14,17,23,1,0,0,1,0,1
Lazio,Roma,Colleferro,COLLEFERRO EUROPA,SUBURBANA,INDUSTRIALE,13.009668,41.725005,2019,337,66,188,20,5,8,12,17,22,49,68,84,1,0,1,1,1,1
Lazio,Roma,Guidonia Montecelio,GUIDONIA,SUBURBANA,TRAFFICO,12.726623,41.995626,2019,362,22,80,13,3,6,8,11,15,26,36,49,1,0,1,1,1,1
Lazio,Roma,Roma,C.SO FRANCIA,URBANA,TRAFFICO,12.469563,41.947448,2019,365,21,121,14,2,5,10,13,17,27,34,41,1,0,1,1,1,1
Lazio,Roma,Roma,CASTEL DI GUIDO,RURALE,FONDO,12.266327,41.889451,2019,349,8,62,11,0,4,7,10,14,21,30,33,1,0,1,1,0,1
Lazio,Roma,Roma,VILLA ADA,URBANA,FONDO,12.506947,41.932892,2019,352,19,79,12,4,5,8,11,15,26,38,43,1,0,1,1,1,1
Lazio,Roma,Roma,CINECITTA,URBANA,FONDO,12.568652,41.857716,2019,351,23,105,14,0,5,9,12,17,28,40,48,1,0,1,1,1,1
Lazio,Roma,Roma,TENUTA DEL CAVALIERE,SUBURBANA,FONDO,12.65848,41.929474,2019,335,21,96,14,3,6,9,12,16,29,40,45,1,0,1,1,1,1
Lazio,Roma,Roma,CIPRO,URBANA,FONDO,12.447588,41.906356,2019,358,18,87,13,1,5,8,12,15,25,35,42,1,0,1,1,0,1
Lazio,Roma,Roma,ARENULA,URBANA,FONDO,12.475387,41.893971,2019,363,22,111,13,3,5,8,12,17,27,34,45,1,0,1,1,1,1
Lazio,Roma,Roma,MALAGROTTA,SUBURBANA,FONDO,12.34559,41.874783,2019,351,24,81,13,4,6,8,11,15,29,44,50,1,0,1,1,1,1
Lazio,Roma,Fiumicino,Villa Guglielmi,URBANA,FONDO,12.237041,41.768234,2019,364,13,62,11,3,5,7,10,14,24,33,47,1,0,1,1,0,1
Lazio,Latina,Latina,LATINA SCALO,SUBURBANA,FONDO,12.9466,41.531405,2019,339,18,65,12,3,5,7,11,14,27,36,43,1,0,1,1,0,1
Lazio,Frosinone,Cassino,CASSINO,URBANA,TRAFFICO,13.830728,41.48846,2019,361,79,152,21,1,7,10,14,23,68,94,129,1,0,1,1,1,1
Lazio,Frosinone,Ferentino,FERENTINO,URBANA,TRAFFICO,13.265568,41.687898,2019,344,69,151,19,0,7,11,14,22,44,77,84,1,0,1,1,1,1
Lazio,Frosinone,Frosinone,FONTECHIARI,RURALE,FONDO,13.348977,41.639609,2019,320,12,51,11,1,4,7,9,13,22,37,48,1,0,1,1,0,1
Lazio,Frosinone,Frosinone,FROSINONE MAZZINI,URBANA,FONDO,13.348977,41.639609,2019,350,49,145,17,4,6,10,14,20,44,66,83,1,0,1,1,1,1
Abruzzo,L'Aquila,Castel di Sangro,Castel di Sangro,SUBURBANA,FONDO,14.10361,41.77944,2019,328,1,22,8,1,3,5,8,11,15,21,32,1,0,0,1,0,1
Abruzzo,L'Aquila,L'Aquila,AQ - Amiternum,URBANA,FONDO,13.38306,42.36417,2019,314,13,49,10,1,3,6,9,13,23,34,41,1,0,0,1,0,1
Abruzzo,Teramo,Teramo,Gammarana,URBANA,FONDO,13.72611,42.66556,2019,283,7,62,11,1,3,6,10,14,23,33,40,0,0,1,1,0,1
Abruzzo,Pescara,Montesilvano,MONTESILVANO,URBANA,TRAFFICO,14.14833,42.5175,2019,348,25,116,14,4,6,9,12,17,29,45,57,1,0,1,1,1,1
Abruzzo,Pescara,Pescara,PE - VIA FIRENZE,URBANA,TRAFFICO,14.21306,42.46639,2019,349,28,118,14,3,5,9,12,17,29,43,55,1,0,1,1,1,1
Abruzzo,Pescara,Pescara,PE - TEATRO D'ANNUNZIO,URBANA,FONDO,14.23472,42.45639,2019,338,26,87,13,4,4,8,11,15,30,46,50,1,0,1,1,1,1
Abruzzo,Chieti,Chieti,Scuola Antonelli,URBANA,FONDO,14.13778,42.34611,2019,278,18,95,14,3,6,8,12,17,26,43,46,0,0,1,1,0,1
Abruzzo,Chieti,Francavilla al Mare,Francavilla,SUBURBANA,FONDO,14.27917,42.42139,2019,346,15,64,11,4,4,7,10,14,22,37,47,1,0,1,1,0,1
Molise,Campobasso,Campobasso,CAMPOBASSO3,URBANA,FONDO,14.674722,41.554167,2019,357,7,51,10,1,3,7,9,13,19,37,43,1,0,0,1,0,1
Molise,Campobasso,Termoli,TERMOLI2,URBANA,TRAFFICO,14.993333,41.998056,2019,339,8,39,10,1,3,6,9,12,19,50,63,1,0,0,1,0,1
Molise,Isernia,Vastogirardi,VASTOGIRARDI,RURALE,FONDO,14.208889,41.759444,2019,0,0,0,16,2,5,9,13,19,36,51,65,0,0,1,1,0,0
Molise,Isernia,Venafro,VENAFRO2,URBANA,FONDO,14.033333,41.478889,2019,341,73,167,21,5,8,11,15,22,55,77,87,1,0,1,1,1,1
Campania,Caserta,Caserta,CE51 ISTITUTO MANZONI,URBANA,TRAFFICO,14.34472,41.08444,2019,319,22,111,13,3,5,8,12,17,26,35,54,1,0,1,1,1,1
Campania,Caserta,Caserta,CE52 SCUOLA DE AMICIS,URBANA,TRAFFICO,14.33122,41.07795,2019,345,25,138,14,1,4,8,13,18,26,35,47,1,0,1,1,1,1
Campania,Caserta,Maddaloni,CE54 SCUOLA SETTEMBRINI,SUBURBANA,TRAFFICO,14.37809,41.04592,2019,352,30,110,13,0,2,6,11,17,30,40,59,1,0,1,1,1,1
Campania,Caserta,San Felice a Cancello,San Felice a Cancello Complesso scolastico,SUBURBANA,TRAFFICO,14.42397,40.99052,2019,356,45,135,15,0,3,7,13,19,38,57,73,1,0,1,1,1,1
Campania,Benevento,Benevento,Via Mustilli,URBANA,TRAFFICO,14.78938,41.13146,2019,301,43,138,17,4,7,10,14,20,38,51,56,0,0,1,1,1,1
Campania,Benevento,Benevento,Benevento Campo Sportivo,URBANA,FONDO,14.77998,41.11575,2019,324,44,134,16,0,3,9,13,20,37,60,69,1,0,1,1,1,1
Campania,Napoli,Acerra,Acerra Zona Industriale,SUBURBANA,INDUSTRIALE,14.401,40.97971,2019,335,84,198,19,0,4,11,18,25,43,65,83,1,0,1,1,1,1
Campania,Napoli,Acerra,Acerra scuola Caporale,URBANA,TRAFFICO,14.36981,40.94108,2019,349,53,114,15,0,1,6,11,18,48,65,76,1,0,1,1,1,1
Campania,Napoli,Casoria,Casoria Scuola Palizzi (CAM),SUBURBANA,FONDO,14.29866,40.91463,2019,316,63,145,18,0,2,8,14,22,52,74,94,1,0,1,1,1,1
Campania,Napoli,Napoli,NA06 MUSEO NAZIONALE,URBANA,TRAFFICO,14.25133,40.85419,2019,344,31,137,15,4,7,10,13,18,29,39,58,1,0,1,1,1,1
Campania,Napoli,Napoli,NA09 I.T.I.S. ARGINE,SUBURBANA,TRAFFICO,14.34108,40.86427,2019,326,55,160,18,4,7,10,15,21,45,62,83,1,0,1,1,1,1
Campania,Napoli,Napoli,NA01 OSSERVATORIO ASTRONOMICO,URBANA,FONDO,14.25451,40.86369,2019,357,10,71,10,0,2,6,9,14,22,38,52,1,0,0,1,0,1
Campania,Napoli,Napoli,Parco Virgiliano,SUBURBANA,FONDO,14.17941,40.79889,2019,302,3,36,8,0,0,3,7,11,18,25,44,0,0,0,1,0,1
Campania,Napoli,Pomigliano d'Arco,Pomigliano d'Arco Area ASI,SUBURBANA,INDUSTRIALE,14.38946,40.92087,2019,351,73,204,19,0,6,11,17,23,40,65,84,1,0,1,1,1,1
Campania,Napoli,Portici,Portici parco reggia,URBANA,FONDO,14.34927,40.81588,2019,336,9,102,12,0,2,7,11,16,23,34,47,1,0,1,1,0,1
Campania,Napoli,Pozzuoli,Pozzuoli Villa Avellino,URBANA,FONDO,14.12254,40.82291,2019,330,5,56,10,0,1,5,9,13,20,27,53,1,0,0,1,0,1
Campania,Napoli,San Vitaliano,San Vitaliano Scuola Elementare Marconi,URBANA,FONDO,14.48133,40.92431,2019,349,82,143,19,0,2,7,13,23,61,90,98,1,0,1,1,1,1
Campania,Napoli,Volla,Tirrenopower Volla,SUBURBANA,INDUSTRIALE,14.34998,40.8864,2019,205,37,108,18,3,6,10,16,22,48,66,70,0,0,1,1,1,1
Campania,Avellino,Avellino,Avellino Scuola Alighieri,URBANA,TRAFFICO,14.78553,40.91882,2019,342,39,127,15,0,2,7,12,19,36,70,92,1,0,1,1,1,1
Campania,Avellino,Solofra,Solofra Zona Industriale,SUBURBANA,INDUSTRIALE,14.82459,40.83555,2019,351,40,104,13,0,2,6,10,17,34,48,63,1,0,1,1,1,1
Campania,Salerno,Battipaglia,Battipaglia parco fiume,URBANA,FONDO,14.97584,40.61107,2019,358,5,47,9,0,2,5,8,13,20,27,31,1,0,0,1,0,1
Campania,Salerno,Cava de' Tirreni,Cava de' Tirreni Stadio,SUBURBANA,FONDO,14.70244,40.71099,2019,347,27,117,14,0,3,8,12,17,30,50,54,1,0,1,1,1,1
Campania,Salerno,Nocera Inferiore,Nocera Inferiore scuola Solimene,URBANA,TRAFFICO,14.64345,40.7404,2019,341,62,180,18,0,4,9,16,22,41,74,97,1,0,1,1,1,1
Campania,Salerno,Ottati,Ottati Alburni,RURALE-REGIONALE,FONDO,15.29873,40.47059,2019,237,0,0,4,0,0,2,4,6,11,12,14,0,0,0,0,0,0
Campania,Salerno,Polla,Polla Area tritovagliatore,SUBURBANA,INDUSTRIALE,15.52825,40.48701,2019,333,6,26,8,0,0,4,8,11,18,30,32,1,0,0,1,0,1
Campania,Salerno,Salerno,SA22 Ospedale via Vernieri,URBANA,TRAFFICO,14.76972,40.68389,2019,345,9,84,12,4,5,8,11,15,21,35,44,1,0,1,1,0,1
Campania,Salerno,Salerno,Parco Mercatello,URBANA,FONDO,14.80449,40.66142,2019,353,7,56,9,0,1,5,9,13,19,33,40,1,0,0,1,0,1
Puglia,Foggia,Foggia,Rosati,URBANA,FONDO,15.54778,41.45389,2019,343,10,117,13,2,5,8,12,17,23,39,49,1,0,1,1,0,1
Puglia,Foggia,Lucera,Azienda Russo,RURALE,FONDO,15.44083,41.54666,2019,317,5,71,11,0,4,6,10,15,21,31,42,1,0,1,1,0,1
Puglia,Bari,Altamura,ALTAMURA,SUBURBANA,TRAFFICO,16.56028,40.82778,2019,347,7,74,12,3,5,8,11,15,20,32,35,1,0,1,1,0,1
Puglia,Bari,Bari,Caldarola,URBANA,TRAFFICO,16.888056,41.113611,2019,348,14,133,14,4,6,9,13,17,24,40,43,1,0,1,1,0,1
Puglia,Bari,Bari,CAVOUR,URBANA,TRAFFICO,16.873333,41.123333,2019,330,18,120,14,4,6,9,12,17,26,37,45,1,0,1,1,0,1
Puglia,Bari,Casamassima,CASAMASSIMA,SUBURBANA,FONDO,16.91972,40.95333,2019,333,9,118,13,2,6,9,13,17,22,30,40,1,0,1,1,0,1
Puglia,Bari,Modugno,EN02 - ass. ecologia,SUBURBANA,INDUSTRIALE,16.766111,41.107778,2019,360,33,162,15,4,6,10,14,19,27,45,52,1,0,1,1,1,1
Puglia,Bari,Monopoli,MONOPOLI,SUBURBANA,TRAFFICO,17.29028,40.95667,2019,300,7,53,11,0,4,8,10,14,20,32,41,0,0,1,1,0,1
Puglia,Bari,Monopoli,Monopoli Italgreen,SUBURBANA,TRAFFICO,17.28417,40.96139,2019,356,6,68,11,3,5,7,10,14,20,35,45,1,0,1,1,0,1
Puglia,Taranto,Taranto,Taranto CISI,SUBURBANA,INDUSTRIALE,17.2536,40.52111,2019,353,4,33,9,2,4,6,9,12,16,26,31,1,0,0,1,0,1
Puglia,Taranto,Taranto,taranto MACHIAVELLI,SUBURBANA,INDUSTRIALE,17.22583,40.48861,2019,340,5,89,12,4,6,8,11,15,21,33,36,1,0,1,1,0,1
Puglia,Taranto,Taranto,taranto ADIGE,URBANA,TRAFFICO,17.26333,40.46055556,2019,352,5,66,11,3,5,7,10,14,20,30,32,1,0,1,1,0,1
Puglia,Taranto,Taranto,Taranto ARCHIMEDE,SUBURBANA,INDUSTRIALE,17.23306,40.49444,2019,354,5,68,11,2,5,7,10,14,20,29,36,1,0,1,1,0,1
Puglia,Brindisi,Brindisi,Brindisi VIA TARANTO,URBANA,TRAFFICO,17.94777,40.63416667,2019,347,11,90,13,3,6,8,12,15,24,36,41,1,0,1,1,0,1
Puglia,Brindisi,Brindisi,brindisi VIA MAGELLANO,SUBURBANA,FONDO,17.94361,40.65083,2019,335,12,84,12,2,5,8,11,15,23,35,47,1,0,1,1,0,1
Puglia,Brindisi,Brindisi,TERMINAL PASSEGGERI,SUBURBANA,INDUSTRIALE,17.96055,40.64583,2019,326,7,49,11,2,5,7,10,14,20,29,35,1,0,1,1,0,1
Puglia,Brindisi,Ceglie Messapica,Ceglie Messapica,SUBURBANA,FONDO,17.5125,40.64917,2019,331,19,170,16,7,9,12,15,18,25,40,52,1,0,1,1,1,1
Puglia,Brindisi,Torchiarolo,TORCHIAROLO,SUBURBANA,INDUSTRIALE,18.05361,40.48806,2019,352,59,177,18,4,7,11,15,20,44,62,87,1,0,1,1,1,1
Puglia,Brindisi,Torchiarolo,Torchiarolo ENEL,SUBURBANA,FONDO,18.04722,40.48944,2019,353,17,95,13,3,5,8,12,16,25,45,62,1,0,1,1,0,1
Puglia,Lecce,Campi Salentina,Campi Salentina,SUBURBANA,FONDO,18.02972,40.40444,2019,306,24,127,15,2,5,10,14,18,28,44,52,0,0,1,1,1,1
Puglia,Lecce,Lecce,LECCE - S. M. Cerrate,RURALE,FONDO,18.11611,40.45889,2019,327,6,61,11,3,5,7,11,14,19,29,33,1,0,1,1,0,1
Puglia,Lecce,Lecce,GARIGLIANO,URBANA,TRAFFICO,18.17306,40.36444,2019,301,8,51,11,2,3,7,11,14,19,35,45,0,0,1,1,0,1
Puglia,Lecce,Lecce,LIBERTINI,URBANA,TRAFFICO,18.17667,40.35194,2019,344,16,87,12,3,5,8,11,15,24,34,39,1,0,1,1,0,1
Puglia,Barletta-Andria-Trani,Andria,ANDRIA,URBANA,TRAFFICO,16.29167,41.23167,2019,350,8,97,12,2,5,8,12,16,22,29,43,1,0,1,1,0,1
Puglia,Barletta-Andria-Trani,Barletta,stadio casardi,URBANA,FONDO,16.28611,41.31667,2019,352,8,70,11,3,4,7,10,14,20,36,45,1,0,1,1,0,1
Basilicata,Potenza,Grumento Nova,GRUMENTO 3,SUBURBANA,INDUSTRIALE,15.89143,40.288391,2019,350,12,62,11,3,4,6,10,13,21,47,72,1,0,1,1,0,1
Basilicata,Potenza,Guardia Perticara,GuardiaPerticara 1,RURALE,INDUSTRIALE,16.097537,40.364036,2019,52,4,10,12,3,4,6,10,14,30,41,42,0,0,1,1,0,1
Basilicata,Potenza,Melfi,San Nicola di Melfi,RURALE,INDUSTRIALE,15.722746,41.067055,2019,341,6,56,10,2,3,5,8,13,19,29,41,1,0,0,1,0,1
Basilicata,Potenza,Viggiano,VIGGIANO 1,RURALE,INDUSTRIALE,15.900698,40.334862,2019,351,9,70,11,2,4,6,10,14,21,38,63,1,0,1,1,0,1
Basilicata,Potenza,Viggiano,VIGGIANO - MASSERIA DE BLASIIS,RURALE,INDUSTRIALE,15.867364,40.324234,2019,340,12,66,11,2,4,7,10,14,22,34,69,1,0,1,1,0,1
Basilicata,Potenza,Viggiano,VIGGIANO - COSTA MOLINA SUD 1,RURALE,INDUSTRIALE,15.9548,40.315619,2019,343,9,64,10,2,3,5,8,13,21,41,70,1,0,0,1,0,1
Basilicata,Matera,Tricarico,Tricarico 1,RURALE,INDUSTRIALE,16.147441,40.620463,2019,54,1,5,9,2,4,6,8,10,16,23,25,0,0,0,1,0,1
Calabria,Cosenza,Acri,Acri,URBANA,FONDO,16.3868,39.48963,2019,344,16,97,13,3,6,8,12,16,24,34,38,1,0,1,1,0,1
Calabria,Cosenza,Cosenza,Città dei ragazzi,URBANA,FONDO,16.24517,39.3134,2019,342,2,60,12,7,9,10,12,14,17,23,30,1,0,1,1,0,1
Calabria,Catanzaro,Catanzaro,Parco della biodiversità mediterranea,URBANA,FONDO,16.57925,38.918288,2019,346,2,69,10,0,3,5,8,14,19,23,32,1,0,0,1,0,1
Calabria,Catanzaro,Martirano Lombardo,Martirano Lombardo,URBANA,TRAFFICO,16.23145,39.07497,2019,333,45,141,16,4,6,10,14,20,31,42,53,1,0,1,1,1,1
Calabria,Catanzaro,Simeri Crichi,Pietropaolo,RURALE-NEARCITY,INDUSTRIALE,16.66921,38.8705,2019,307,2,31,8,1,1,5,8,10,17,22,48,0,0,0,1,0,1
Calabria,Catanzaro,Lamezia Terme,Municipio,SUBURBANA,FONDO,16.29517,38.95955,2019,363,2,35,8,1,2,5,8,11,17,22,26,1,0,0,1,0,1
Calabria,Reggio di Calabria,Locri,Locri,URBANA,FONDO,16.25518,38.22976,2019,343,3,69,11,0,3,6,10,14,20,26,68,1,0,1,1,0,1
Calabria,Reggio di Calabria,Mammola,Mammola,RURALE-REGIONALE,FONDO,16.23452,38.39092,2019,339,6,53,10,1,3,5,8,13,21,30,41,1,0,0,1,0,1
Calabria,Reggio di Calabria,Polistena,Polistena,SUBURBANA,INDUSTRIALE,16.07022,38.39986,2019,329,51,156,17,0,5,10,15,20,35,44,53,1,0,1,1,1,1
Calabria,Reggio di Calabria,Reggio di Calabria,Villa Comunale,URBANA,FONDO,15.63879,38.10495,2019,327,4,70,11,3,5,7,10,14,21,26,63,1,0,1,1,0,1
Calabria,Crotone,Crotone,Gioacchino da Fiore (via),URBANA,FONDO,17.11417,39.06808,2019,357,21,113,12,1,3,7,11,17,25,34,40,1,0,1,1,1,1
Calabria,Crotone,Rocca di Neto,Rocca di Neto,SUBURBANA,FONDO,17.01034,39.18752,2019,336,25,129,14,4,6,9,13,18,30,43,45,1,0,1,1,1,1
Calabria,Vibo Valentia,Vibo Valentia,Parco Urbano,URBANA,FONDO,16.08024,38.66458,2019,342,25,91,12,1,3,6,10,15,31,61,84,1,0,1,1,1,1
Sicilia,Palermo,Palermo,PA - Villa Trabia,URBANA,FONDO,13.346531,38.130696,2019,50,1,10,10,0,0,6,10,13,21,29,33,0,0,0,1,0,1
Sicilia,Agrigento,Agrigento,AG - ASP,SUBURBANA,FONDO,13.593963,37.307047,2019,314,1,34,9,0,3,5,8,11,18,22,33,1,0,0,1,0,1
Sicilia,Agrigento,Porto Empedocle,Porto Empedocle,SUBURBANA,FONDO,13.532537,37.291894,2019,218,19,65,14,0,4,8,11,17,34,57,62,0,0,1,1,1,1
Sicilia,Enna,Enna,Enna,URBANA,FONDO,14.281463,37.564125,2019,356,6,43,8,0,3,4,7,11,19,28,58,1,0,0,1,0,1
Sicilia,Catania,Misterbianco,Misterbianco,URBANA,FONDO,15.010788,37.515714,2019,335,1,87,12,0,5,8,12,15,21,24,40,1,0,1,1,0,1
Sicilia,Siracusa,Priolo Gargallo,Priolo,URBANA,FONDO,15.190867,37.156119,2019,260,2,55,11,4,5,7,11,14,20,23,49,0,0,1,1,0,1
Sardegna,Sassari,Porto Torres,CENPT1,URBANA,FONDO,8.405278,40.831389,2019,347,2,30,8,0,3,5,8,10,17,24,41,1,0,0,1,0,1
Sardegna,Sassari,Sassari,CENS16,URBANA,FONDO,8.57611,40.72444,2019,333,1,10,6,0,2,3,5,7,13,20,30,1,0,0,1,0,1
Sardegna,Nuoro,Macomer,CENMA1,RURALE-NEARCITY,FONDO,8.773056,40.256389,2019,354,1,15,7,1,3,4,5,8,14,19,29,1,0,0,1,0,1
Sardegna,Cagliari,Cagliari,CENCA1,URBANA,TRAFFICO,9.115,39.235833,2019,354,54,272,19,6,12,15,18,22,31,38,41,1,0,1,1,1,1
Sardegna,Cagliari,Sarroch,CENSA2,SUBURBANA,INDUSTRIALE,9.016667,39.07,2019,298,14,66,12,2,2,8,10,14,24,35,44,0,0,1,1,0,1
Sardegna,Cagliari,Sarroch,CENSA3,URBANA,FONDO,9.008889,39.066667,2019,357,7,27,8,4,5,6,7,10,17,28,30,1,0,0,1,0,1
Sardegna,Cagliari,Monserrato,CENMO1,URBANA,FONDO,9.136389,39.260556,2019,346,15,51,10,2,3,6,8,12,22,33,43,1,0,0,1,0,1
Sardegna,Sud Sardegna,Portoscuso,CENPS6,SUBURBANA,INDUSTRIALE,8.43028,39.17722,2019,341,1,34,10,3,4,7,9,12,17,21,34,1,0,0,1,0,1
Sardegna,Sud Sardegna,Portoscuso,CENPS7,SUBURBANA,FONDO,8.386111,39.203333,2019,351,3,28,9,3,4,6,8,11,17,24,48,1,0,0,1,0,1
Sardegna,Sud Sardegna,Seulo,CENSE0,RURALE-REMOTA,FONDO,9.216389,39.8425,2019,357,0,1,5,1,3,3,4,6,9,14,16,1,0,0,0,0,0
Sconosciuto,Sconosciuto,Sconosciuto,Sconosciuto,Sconosciuto,Sconosciuto,12.136667,43.63333,2019,319,20,81,12,2,4,7,11,15,27,42,50,1,0,1,1,1,1