regione,provincia,comune,nome_stazione,tipo_zona,tipo_stazione,longitudine,latitudine,anno,n_misure,sup200,media_annua,minimo,percentile_5,percentile_25,percentile_50,percentile_75,percentile_95,percentile_99.6,massimo,copertura,superamenti_ma,superamenti_ma20,superamenti_ma10,sup50d,sup25d
Piemonte,Torino,Borgaro Torinese,Borgaro T. - Caduti,SUBURBANA,FONDO,7.658,45.1546,2019,8666,0,25,1,6,12,19,33,63,95,129,1,0,1,1,32,134
Piemonte,Torino,Druento,Druento - La Mandria,RURALE,FONDO,7.5602,45.1758,2019,8503,0,11,1,3,6,9,13,29,59,90,1,0,0,1,0,15
Piemonte,Torino,Ivrea,Ivrea - Liberazione,SUBURBANA,FONDO,7.878,45.4512,2019,8269,0,24,1,4,9,17,34,65,90,105,1,0,1,1,34,121
Piemonte,Torino,Orbassano,Orbassano - Gozzano,SUBURBANA,FONDO,7.5496,45.0069,2019,8646,0,31,1,5,13,25,45,74,108,140,1,0,1,1,63,190
Piemonte,Torino,Oulx,Oulx - Roma,SUBURBANA,TRAFFICO,6.8359,45.0348,2019,8633,0,21,1,8,14,18,25,44,72,106,1,0,1,1,2,63
Piemonte,Torino,Settimo Torinese,Settimo T. - Vivaldi,URBANA,TRAFFICO,7.7782,45.1432,2019,8651,0,36,1,6,13,26,53,95,139,163,1,0,1,1,100,186
Piemonte,Torino,Susa,Susa - Repubblica,SUBURBANA,FONDO,7.0501,45.1391,2019,8587,0,15,1,4,8,12,19,38,59,87,1,0,0,1,0,39
Piemonte,Torino,Torino,Torino - Consolata,URBANA,TRAFFICO,7.6782,45.0758,2019,8594,0,53,4,20,35,50,68,99,140,195,1,1,1,1,170,351
Piemonte,Torino,Torino,Torino - Rebaudengo,URBANA,TRAFFICO,7.69534,45.10407,2019,6740,11,60,1,21,38,53,75,121,187,269,0,1,1,1,166,274
Piemonte,Torino,Torino,Torino - Rubino,URBANA,FONDO,7.6259,45.0419,2019,8713,0,33,1,7,15,28,46,75,113,135,1,0,1,1,62,207
Piemonte,Torino,Vinovo,Vinovo - Volontari,SUBURBANA,FONDO,7.6362,44.9513,2019,8599,0,28,1,7,13,21,37,67,100,140,1,0,1,1,43,144
Piemonte,Vercelli,Borgosesia,Borgosesia - Tonella,URBANA,FONDO,8.2835,45.7132,2019,8725,0,16,1,3,6,11,21,42,75,126,1,0,0,1,1,71
Piemonte,Vercelli,Vercelli,Vercelli - Gastaldi,URBANA,TRAFFICO,8.4151,45.3284,2019,8399,0,28,0,7,14,23,36,67,121,200,1,0,1,1,44,158
Piemonte,Vercelli,Vercelli,Vercelli - CONI,SUBURBANA,FONDO,8.4024,45.3189,2019,8651,0,19,2,5,9,15,25,43,62,78,1,0,0,1,0,92
Piemonte,Novara,Cerano,Cerano - Bagno,SUBURBANA,FONDO,8.7861,45.4097,2019,8708,0,25,1,5,12,21,36,54,77,102,1,0,1,1,12,155
Piemonte,Novara,Novara,Novara - Roma,URBANA,TRAFFICO,8.6197,45.4403,2019,8136,0,35,2,11,20,31,46,72,110,142,1,0,1,1,57,253
Piemonte,Cuneo,Alba,Alba - Tanaro,URBANA,FONDO,8.0333,44.7037,2019,8105,0,21,1,4,10,19,29,45,64,114,1,0,1,1,0,93
Piemonte,Cuneo,Cuneo,Cuneo - Alpini,URBANA,FONDO,7.5382,44.3818,2019,8342,0,23,1,6,12,19,30,51,80,114,1,0,1,1,1,122
Piemonte,Cuneo,Saliceto,Saliceto - Moizo,RURALE,FONDO,8.1695,44.4122,2019,7967,0,10,0,2,4,6,12,29,48,62,1,0,0,0,0,18
Piemonte,Asti,Asti,Asti - D'Acquisto,URBANA,FONDO,8.2055,44.9089,2019,8347,0,23,3,6,12,19,31,51,85,110,1,0,1,1,3,122
Piemonte,Asti,Asti,Asti - Baussano,URBANA,TRAFFICO,8.1975,44.8942,2019,7773,0,34,4,12,21,31,43,67,105,149,1,0,1,1,40,253
Piemonte,Asti,Vinchio,Vinchio - San Michele,RURALE,FONDO,8.3103,44.808,2019,8357,0,13,1,3,6,10,16,32,51,79,1,0,0,1,1,39
Piemonte,Alessandria,Alessandria,Alessandria - D'Annunzio,URBANA,TRAFFICO,8.612,44.9066,2019,7735,0,32,1,11,20,28,40,67,126,177,1,0,1,1,43,213
Piemonte,Alessandria,Alessandria,Alessandria - Volta,URBANA,FONDO,8.6232,44.9203,2019,8307,0,25,1,7,13,21,34,53,86,101,1,0,1,1,10,144
Piemonte,Alessandria,Dernice,Dernice - Costa,RURALE,FONDO,9.0524,44.7633,2019,8530,0,9,1,3,5,8,11,23,46,65,1,0,0,0,0,8
Piemonte,Biella,Biella,Biella - Sturzo,URBANA,FONDO,8.0564,45.5588,2019,8570,0,18,1,3,7,13,25,48,69,84,1,0,0,1,1,98
Piemonte,Biella,Cossato,Cossato - Pace,URBANA,FONDO,8.1876,45.569,2019,8331,0,18,2,6,9,13,23,45,66,79,1,0,0,1,0,89
Piemonte,Verbano-Cusio-Ossola,Verbania,Verbania - Gabardi,URBANA,FONDO,8.5655,45.9303,2019,8357,0,20,1,5,10,15,26,49,73,87,1,0,0,1,3,99
Valle d'Aosta,Aosta,Aosta,AOSTA (PIAZZA PLOUVES),URBANA,FONDO,7.32417,45.73583,2019,8692,0,23,0,4,10,20,32,59,85,113,1,0,1,1,14,120
Valle d'Aosta,Aosta,Aosta,Aosta Liconi,URBANA,FONDO,7.30433,45.73444,2019,8306,0,21,0,4,9,15,29,58,83,109,1,0,1,1,8,99
Valle d'Aosta,Aosta,Aosta,AOSTA I maggio,SUBURBANA,INDUSTRIALE,7.32189,45.7324,2019,8681,0,28,0,6,14,23,37,65,91,118,1,0,1,1,29,173
Valle d'Aosta,Aosta,Donnas,DONNAS,RURALE,FONDO,7.76643,45.5966,2019,8708,0,12,0,2,5,8,15,34,57,77,1,0,0,1,1,29
Valle d'Aosta,Aosta,La Thuile,LA THUILE,RURALE-REMOTA,FONDO,6.97778,45.72917,2019,8689,0,3,0,1,2,2,4,8,16,24,1,0,0,0,0,0
Lombardia,Varese,Busto Arsizio,BUSTO ARSIZIO - ACCAM,SUBURBANA,FONDO,8.83449244,45.58288714,2019,8633,0,30,0,6,15,25,40,74,109,199,1,0,1,1,41,201
Lombardia,Varese,Ferno,FERNO,URBANA,FONDO,8.75,45.61667,2019,8699,0,23,0,4,11,20,33,56,80,130,1,0,1,1,17,121
Lombardia,Varese,Saronno,SARONNO - SANTUARIO,URBANA,FONDO,9.024167,45.626944,2019,8757,0,27,0,2,9,21,41,68,93,117,1,0,1,1,43,165
Lombardia,Varese,Varese,VARESE - VIA VIDOLETTI,URBANA,FONDO,8.80417,45.83611,2019,8754,0,22,0,4,9,16,28,60,102,165,1,0,1,1,14,97
Lombardia,Varese,Varese,VARESE - VIA COPELLI,URBANA,TRAFFICO,8.820278,45.816944,2019,8740,0,33,2,8,18,29,44,70,97,114,1,0,1,1,54,228
Lombardia,Como,Cantù,CANTU - VIA MEUCCI,SUBURBANA,FONDO,9.12583,45.72722,2019,8674,0,26,1,6,12,21,36,64,97,122,1,0,1,1,32,159
Lombardia,Como,Como,COMO - VIALE CATTANEO,URBANA,TRAFFICO,9.08361,45.80444,2019,8572,0,40,1,9,23,36,53,84,119,147,1,0,1,1,77,305
Lombardia,Como,Erba,ERBA- Via Battisti,URBANA,FONDO,9.222778,45.809444,2019,8686,0,21,2,5,9,15,28,54,82,110,1,0,1,1,14,98
Lombardia,Sondrio,Bormio,BORMIO,URBANA,FONDO,10.3725,46.470278,2019,8620,0,12,1,2,5,8,15,38,64,86,1,0,0,1,0,37
Lombardia,Sondrio,Morbegno,MORBEGNO,URBANA,FONDO,9.56639,46.13167,2019,8653,0,15,0,2,6,12,21,42,61,79,1,0,0,1,0,64
Lombardia,Sondrio,Sondrio,SONDRIO - VIA MAZZINI,URBANA,TRAFFICO,9.870556,46.167222,2019,8523,0,26,2,7,13,20,35,62,89,106,1,0,1,1,33,132
Lombardia,Sondrio,Sondrio,SONDRIO - VIA PARIBELLI,URBANA,FONDO,9.88028,46.16861,2019,8452,0,19,0,2,7,14,28,51,70,127,1,0,0,1,3,101
Lombardia,Milano,Arconate,ARCONATE,SUBURBANA,FONDO,8.84861,45.54667,2019,8341,0,25,0,6,14,22,33,55,82,125,1,0,1,1,14,136
Lombardia,Milano,Cassano d'Adda,CASSANO VIA MILANO,URBANA,TRAFFICO,9.503333,45.528056,2019,8702,0,32,4,9,18,27,42,72,96,117,1,0,1,1,54,201
Lombardia,Milano,Cinisello Balsamo,CINISELLO B.,URBANA,TRAFFICO,9.22806,45.55139,2019,7166,1,49,0,15,32,45,62,95,147,203,0,1,1,1,121,285
Lombardia,Milano,Cormano,Cormano-Edison,URBANA,FONDO,9.16698,45.5476,2019,8748,4,45,5,12,22,39,61,104,161,261,1,1,1,1,118,296
Lombardia,Milano,Milano,MILANO - V.LE MARCHE,URBANA,TRAFFICO,9.191389,45.495556,2019,8409,5,58,7,19,33,53,76,115,169,234,1,1,1,1,191,339
Lombardia,Milano,Milano,MILANO - VERZIERE,URBANA,TRAFFICO,9.195833,45.462778,2019,8627,0,40,4,12,23,36,52,83,124,199,1,0,1,1,74,285
Lombardia,Milano,Milano,MILANO - V.LE LIGURIA,URBANA,TRAFFICO,9.1825,45.44917,2019,8645,0,40,2,9,20,35,54,86,130,193,1,0,1,1,93,280
Lombardia,Milano,Milano,MILANO - SENATO,URBANA,TRAFFICO,9.198056,45.469722,2019,8447,0,45,8,17,29,42,58,81,109,160,1,1,1,1,124,320
Lombardia,Milano,Milano,MILANO PASCAL CITT� STUDI,URBANA,FONDO,9.23583,45.47833,2019,7871,0,37,1,10,20,31,48,85,125,200,1,0,1,1,69,228
Lombardia,Milano,Motta Visconti,MOTTA VISCONTI,RURALE,FONDO,8.989444,45.282778,2019,8639,0,22,0,8,12,17,30,49,69,92,1,0,1,1,1,117
Lombardia,Milano,Pioltello,LIMITO,URBANA,FONDO,9.3275,45.482778,2019,8562,0,34,0,10,19,29,44,74,106,138,1,0,1,1,48,239
Lombardia,Milano,Rho,RHO,URBANA,FONDO,9.04472,45.5225,2019,7730,0,41,2,8,17,34,58,96,148,189,1,1,1,1,100,227
Lombardia,Milano,San Giuliano Milanese,S. GIULIANO,URBANA,TRAFFICO,9.28278,45.39528,2019,8162,0,43,4,13,25,38,57,91,131,182,1,1,1,1,93,299
Lombardia,Milano,Sesto San Giovanni,SESTO S.GIOVANNI,URBANA,TRAFFICO,9.236389,45.533889,2019,8617,0,42,1,10,22,36,56,95,142,200,1,1,1,1,92,291
Lombardia,Milano,Turbigo,TURBIGO,URBANA,FONDO,8.73667,45.52583,2019,8679,0,23,0,4,10,19,32,56,81,125,1,0,1,1,15,127
Lombardia,Bergamo,Bergamo,BERGAMO - VIA MEUCCI,URBANA,FONDO,9.643889,45.690278,2019,8567,0,28,1,8,14,22,37,70,102,130,1,0,1,1,44,151
Lombardia,Bergamo,Bergamo,BERGAMO - VIA GARIBALDI,URBANA,TRAFFICO,9.661667,45.695687,2019,8594,0,39,2,10,22,37,52,74,101,115,1,0,1,1,65,302
Lombardia,Bergamo,Calusco d'Adda,CALUSCO,SUBURBANA,FONDO,9.466667,45.683333,2019,8683,0,22,0,5,10,17,29,53,83,106,1,0,1,1,8,109
Lombardia,Bergamo,Casirate d'Adda,CASIRATE D'ADDA,RURALE,FONDO,9.556389,45.4975,2019,8307,0,26,0,3,12,24,37,55,73,101,1,0,1,1,16,164
Lombardia,Bergamo,Dalmine,DALMiNE - Via Verdi,URBANA,FONDO,9.61472,45.64389,2019,8585,0,29,0,6,15,25,39,66,106,178,1,0,1,1,33,192
Lombardia,Bergamo,Filago,FILAGO,URBANA,FONDO,9.55639,45.63306,2019,8626,0,21,0,3,9,17,30,49,68,96,1,0,1,1,3,117
Lombardia,Bergamo,Osio Sotto,OSIO SOTTO,SUBURBANA,FONDO,9.6115435,45.62058256,2019,8743,0,25,0,4,11,21,35,59,87,122,1,0,1,1,13,133
Lombardia,Bergamo,Tavernola Bergamasca,TAVERNOLA,SUBURBANA,INDUSTRIALE,10.04111,45.71361,2019,8510,0,25,0,3,10,20,35,61,83,111,1,0,1,1,19,147
Lombardia,Bergamo,Treviglio,TREVIGLIO,URBANA,TRAFFICO,9.591389,45.518333,2019,8483,0,35,0,5,18,29,47,82,127,190,1,0,1,1,63,241
Lombardia,Brescia,Brescia,BRESCIA - BROLETTO,URBANA,TRAFFICO,10.22361,45.54083,2019,8490,0,32,1,7,16,28,44,67,106,177,1,0,1,1,30,241
Lombardia,Brescia,Brescia,BRESCIA - VIA TURATI,URBANA,TRAFFICO,10.23194,45.53861,2019,8716,0,58,5,19,38,56,75,104,140,178,1,1,1,1,239,363
Lombardia,Brescia,Brescia,BRESCIA VILLAGGIO SERENO,URBANA,FONDO,10.219444,45.515278,2019,7859,0,29,1,8,15,24,39,63,107,147,1,0,1,1,29,175
Lombardia,Brescia,Darfo Boario Terme,DARFO_2,SUBURBANA,FONDO,10.1775,45.873889,2019,8352,0,26,1,7,13,22,36,61,89,102,1,0,1,1,22,167
Lombardia,Brescia,Gambara,GAMBARA,RURALE,FONDO,10.299444,45.248889,2019,8317,0,25,0,5,11,20,34,59,87,163,1,0,1,1,28,134
Lombardia,Brescia,Lonato del Garda,LONATO,URBANA,FONDO,10.480833,45.463333,2019,8354,0,18,0,4,8,13,25,48,66,87,1,0,0,1,1,81
Lombardia,Brescia,Odolo,ODOLO,SUBURBANA,FONDO,10.38583,45.63944,2019,8635,0,22,1,6,12,18,28,49,71,98,1,0,1,1,2,105
Lombardia,Brescia,Rezzato,REZZATO,SUBURBANA,INDUSTRIALE,10.313056,45.504722,2019,8406,0,27,0,7,16,24,37,56,70,88,1,0,1,1,11,173
Lombardia,Brescia,Sarezzo,SAREZZO,URBANA,INDUSTRIALE,10.20083,45.655,2019,8493,0,26,0,6,12,22,35,59,78,94,1,0,1,1,25,147
Lombardia,Pavia,Ferrera Erbognone,FERRERA ERBOGNONE - Eni,RURALE,INDUSTRIALE,8.875,45.114444,2019,8154,0,18,0,6,9,14,24,42,62,88,1,0,0,1,1,72
Lombardia,Pavia,Parona,PARONA,URBANA,INDUSTRIALE,8.75472,45.28111,2019,8661,0,19,0,3,8,16,27,45,62,80,1,0,0,1,1,101
Lombardia,Pavia,Pavia,PAVIA - VIA FOLPERTI,URBANA,FONDO,9.164722,45.193889,2019,8576,0,29,4,9,15,24,39,62,98,131,1,0,1,1,39,165
Lombardia,Pavia,Pavia,PAVIA - P.ZZA MINERVA,URBANA,TRAFFICO,9.146944,45.185556,2019,8516,0,35,0,9,19,30,47,73,116,174,1,0,1,1,68,237
Lombardia,Pavia,Sannazzaro de' Burgondi,SANNAZZARO,URBANA,INDUSTRIALE,8.90556,45.10167,2019,7977,0,24,1,6,11,19,33,56,92,126,1,0,1,1,19,126
Lombardia,Pavia,Vigevano,VIGEVANO - VIA VALLETTA,URBANA,FONDO,8.845833,45.304444,2019,8457,0,21,0,3,9,17,29,53,79,103,1,0,1,1,7,101
Lombardia,Pavia,Voghera,VOGHERA - VIA POZZONI,URBANA,FONDO,9.009444,45.000278,2019,8641,0,22,2,6,11,18,30,51,79,106,1,0,1,1,6,109
Lombardia,Pavia,Cornale e Bastida,CORNALE,RURALE,FONDO,8.915,45.040833,2019,8356,0,18,0,2,8,15,25,47,71,102,1,0,0,1,13,71
Lombardia,Cremona,Corte de' Cortesi con Cignone,CORTE DEI CORTESI,RURALE,INDUSTRIALE,10.007222,45.279167,2019,8729,0,22,0,2,9,19,32,56,77,102,1,0,1,1,17,127
Lombardia,Cremona,Crema,CREMA,SUBURBANA,FONDO,9.705,45.36722,2019,8455,0,28,0,5,16,26,37,57,82,128,1,0,1,1,19,189
Lombardia,Cremona,Cremona,CREMONA - P.ZZA CADORNA,URBANA,TRAFFICO,10.016667,45.132778,2019,8744,0,29,0,8,16,25,38,58,98,149,1,0,1,1,29,189
Lombardia,Cremona,Cremona,CREMONA VIA FATEBENEFRATELLI,URBANA,FONDO,10.045833,45.142222,2019,8697,0,33,4,9,16,29,44,70,111,139,1,0,1,1,56,220
Lombardia,Cremona,Soresina,SORESINA,SUBURBANA,TRAFFICO,9.864167,45.284722,2019,8627,0,29,2,7,13,23,40,71,105,151,1,0,1,1,52,157
Lombardia,Cremona,Spinadesco,SPINADESCO,RURALE,INDUSTRIALE,9.940278,45.148333,2019,8748,0,21,1,5,11,19,29,44,62,80,1,0,1,1,0,113
Lombardia,Mantova,Mantova,MANTOVA - VIA ARIOSTO,URBANA,INDUSTRIALE,10.803333,45.144444,2019,8405,0,32,1,10,17,27,43,65,99,175,1,0,1,1,38,215
Lombardia,Mantova,Mantova,MANTOVA SANT'AGNESE,URBANA,FONDO,10.795556,45.160556,2019,8460,0,24,0,6,11,20,34,54,80,101,1,0,1,1,16,137
Lombardia,Mantova,Mantova,MANTOVA - piazza GRAMSCI,URBANA,TRAFFICO,10.78194,45.16444,2019,8506,0,24,1,7,13,21,32,50,75,101,1,0,1,1,2,139
Lombardia,Mantova,Ponti sul Mincio,PONTI SUL MINCIO,SUBURBANA,FONDO,10.69194,45.41083,2019,7986,0,21,0,3,10,18,30,46,61,96,1,0,1,1,0,102
Lombardia,Mantova,Schivenoglia,SCHIVENOGLIA,RURALE,FONDO,11.07083,44.99694,2019,8579,0,18,0,3,8,14,26,45,59,70,1,0,0,1,1,89
Lombardia,Mantova,Viadana,VIADANA,URBANA,FONDO,10.5172,44.92467,2019,8749,0,25,0,4,12,21,35,59,101,148,1,0,1,1,20,156
Lombardia,Mantova,Borgocarbonara,BORGOFRANCO,RURALE,FONDO,11.20444,45.05139,2019,8254,0,14,0,4,7,11,20,33,43,54,1,0,0,1,0,35
Lombardia,Lecco,Colico,COLICO,SUBURBANA,FONDO,9.385,46.137222,2019,8631,0,21,0,4,10,17,29,52,74,89,1,0,1,1,8,103
Lombardia,Lecco,Lecco,LECCO VIA AMENDOLA,URBANA,TRAFFICO,9.395833,45.849444,2019,8660,0,35,0,5,17,33,50,74,97,132,1,0,1,1,51,277
Lombardia,Lecco,Lecco,LECCO VIA SORA,URBANA,FONDO,9.395833,45.849444,2019,8436,0,22,1,4,9,16,31,54,74,86,1,0,1,1,9,118
Lombardia,Lecco,Merate,MERATE,URBANA,TRAFFICO,9.40619194,45.69795956,2019,8354,0,33,0,8,18,30,45,69,101,149,1,0,1,1,32,259
Lombardia,Lecco,Moggio,MOGGIO,RURALE,FONDO,9.496944,45.913056,2019,8301,0,6,0,0,2,6,9,14,24,53,1,0,0,0,0,0
Lombardia,Lecco,Perledo,PERLEDO,RURALE,FONDO,9.286111,46.015833,2019,8606,0,15,0,2,7,13,21,37,57,78,1,0,0,1,0,39
Lombardia,Lecco,Valmadrera,VALMADRERA,SUBURBANA,FONDO,9.34889,45.84083,2019,8683,0,20,0,3,8,15,30,54,73,95,1,0,0,1,12,107
Lombardia,Lodi,Abbadia Cerreto,ABBADIA CERRETO,RURALE,FONDO,9.58611,45.30861,2019,8464,0,22,1,6,11,19,30,47,64,103,1,0,1,1,0,106
Lombardia,Lodi,Bertonico,BERTONICO,RURALE,FONDO,9.66694,45.235,2019,8587,0,24,3,7,12,21,32,50,70,85,1,0,1,1,8,130
Lombardia,Lodi,Codogno,CODOGNO,URBANA,TRAFFICO,9.698333,45.158611,2019,8576,0,31,3,10,18,28,40,61,102,148,1,0,1,1,26,226
Lombardia,Lodi,Lodi,LODI Vignati,URBANA,TRAFFICO,9.485556,45.305278,2019,8654,0,33,2,8,17,29,43,71,111,151,1,0,1,1,46,231
Lombardia,Lodi,Lodi,LODI S.ALBERTO,URBANA,FONDO,9.49528589,45.30278678,2019,8631,0,29,0,6,13,24,41,69,110,142,1,0,1,1,46,183
Lombardia,Lodi,San Rocco al Porto,SAN ROCCO AL PORTO,SUBURBANA,FONDO,9.71389,45.08199189,2019,8645,0,21,0,4,9,17,29,50,77,92,1,0,1,1,2,95
Lombardia,Lodi,Tavazzano con Villavesco,TAVAZZANO,SUBURBANA,FONDO,9.414722,45.329444,2019,8650,0,25,0,4,10,22,35,57,87,131,1,0,1,1,14,144
Lombardia,Monza e della Brianza,Meda,MEDA,URBANA,TRAFFICO,9.15694,45.66083,2019,7481,0,36,0,10,21,33,48,75,105,170,0,0,1,1,61,224
Lombardia,Monza e della Brianza,Monza,MONZA - VIA  MACHIAVELLI,URBANA,FONDO,9.27444,45.58111,2019,6954,0,46,12,19,29,42,60,82,102,131,0,1,1,1,113,269
Lombardia,Monza e della Brianza,Monza,MONZA PARCO,SUBURBANA,FONDO,9.27611,45.60222,2019,5897,0,38,0,8,26,37,49,71,104,146,0,0,1,1,55,209
Trentino-Alto Adige,Bolzano,Bolzano,BZ4 Bolzano,URBANA,TRAFFICO,11.34183,46.48231,2019,8559,0,39,2,14,24,35,52,78,103,117,1,0,1,1,83,302
Trentino-Alto Adige,Bolzano,Bolzano,BZ5 Bolzano,URBANA,TRAFFICO,11.33997,46.49547,2019,8370,0,36,2,10,22,34,47,71,90,122,1,0,1,1,55,286
Trentino-Alto Adige,Bolzano,Bolzano,BZ6 Bolzano,URBANA,FONDO,11.34197,46.49917,2019,8543,0,28,2,7,14,24,38,64,82,111,1,0,1,1,42,168
Trentino-Alto Adige,Bolzano,Bressanone,BX1 Bressanone,URBANA,FONDO,11.65408,46.71492,2019,8567,0,27,2,7,13,23,38,63,87,100,1,0,1,1,29,158
Trentino-Alto Adige,Bolzano,Bressanone,AB3 Autostrada del Brennero A22,SUBURBANA,TRAFFICO,11.63331,46.68756,2019,8607,0,54,7,23,38,52,69,97,122,147,1,1,1,1,206,361
Trentino-Alto Adige,Bolzano,Brunico,BR1 Brunico,URBANA,FONDO,11.94403,46.79735,2019,8650,0,21,2,5,10,15,28,52,68,104,1,0,1,1,13,93
Trentino-Alto Adige,Bolzano,Merano,ME1 Merano,URBANA,TRAFFICO,11.16163,46.662,2019,8645,0,31,2,8,17,27,41,69,101,122,1,0,1,1,45,221
Trentino-Alto Adige,Bolzano,Renon,RE1 Renon,RURALE-NEARCITY,FONDO,11.43317,46.58967,2019,8579,0,3,0,1,1,2,4,8,14,17,1,0,0,0,0,0
Trentino-Alto Adige,Trento,Borgo Valsugana,BORGO VAL,SUBURBANA,FONDO,11.45389,46.05184,2019,8676,0,24,0,7,12,19,32,54,79,93,1,0,1,1,7,128
Trentino-Alto Adige,Trento,Rovereto,ROVERETO LGP,URBANA,FONDO,11.03941,45.89244,2019,8704,0,25,2,7,13,21,34,59,78,97,1,0,1,1,24,145
Trentino-Alto Adige,Trento,Trento,TRENTO PSC,URBANA,FONDO,11.1262,46.06293,2019,8699,0,34,3,10,18,28,45,74,101,119,1,0,1,1,69,227
Trentino-Alto Adige,Trento,Trento,TRENTO VBZ,URBANA,TRAFFICO,11.11023,46.10434,2019,8651,0,43,3,13,25,38,56,92,142,177,1,1,1,1,93,325
Trentino-Alto Adige,Trento,Vallelaghi,MONTE GAZA,RURALE,FONDO,10.95804,46.08253,2019,8664,0,5,1,2,3,5,6,9,16,26,1,0,0,0,0,0
Veneto,Verona,Bosco Chiesanuova,BOSCOCHIESANUOVA,RURALE,FONDO,11.03778,45.59,2019,8321,0,7,2,2,2,6,9,20,50,78,1,0,0,0,0,4
Veneto,Verona,Legnago,LEGNAGO,URBANA,FONDO,11.311389,45.183611,2019,8581,0,23,2,5,10,19,33,55,77,98,1,0,1,1,17,136
Veneto,Verona,San Bonifacio,SAN BONIFACIO,URBANA,TRAFFICO,11.28611,45.4,2019,8369,0,29,2,6,13,25,40,63,97,128,1,0,1,1,25,194
Veneto,Verona,Verona,VR - Borgo Milano,URBANA,TRAFFICO,10.96389,45.44528,2019,8697,0,27,2,7,14,23,37,59,88,117,1,0,1,1,21,156
Veneto,Verona,Verona,VR- Giarol Grande,URBANA,FONDO,11.030096,45.43301,2019,8727,0,23,2,6,11,17,33,54,78,94,1,0,1,1,5,125
Veneto,Vicenza,Asiago,ASIAGO - CIMA EKAR,RURALE,FONDO,11.569167,45.848333,2019,8539,0,4,2,2,2,2,5,10,21,46,1,0,0,0,0,0
Veneto,Vicenza,Bassano del Grappa,BASSANO DEL GRAPPA,URBANA,FONDO,11.736667,45.760833,2019,8514,0,19,2,2,8,13,24,53,88,116,1,0,0,1,4,90
Veneto,Vicenza,Chiampo,CHIAMPO,URBANA,INDUSTRIALE,11.293281,45.53636,2019,8502,0,22,2,4,9,16,30,57,78,96,1,0,1,1,13,102
Veneto,Vicenza,Montebello Vicentino,MONTEBELLO VICENTINO,SUBURBANA,INDUSTRIALE,11.387222,45.466389,2019,8493,0,29,2,5,15,26,40,62,87,126,1,0,1,1,32,192
Veneto,Vicenza,Schio,SCHIO,URBANA,FONDO,11.368611,45.714444,2019,8532,0,20,2,2,8,15,27,53,80,100,1,0,0,1,2,107
Veneto,Vicenza,Vicenza,VI - Quartiere Italia,URBANA,FONDO,11.539722,45.560556,2019,8528,0,32,2,8,16,27,44,70,96,124,1,0,1,1,53,198
Veneto,Vicenza,Vicenza,VI - San Felice,URBANA,TRAFFICO,11.53417,45.54583,2019,8541,0,32,2,8,18,29,42,65,90,130,1,0,1,1,41,221
Veneto,Belluno,Belluno,BL - Parco Citt� di Bologna,URBANA,FONDO,12.216944,46.141389,2019,8364,0,17,2,2,7,13,24,47,68,86,1,0,0,1,0,82
Veneto,Belluno,Belluno,BL - La Cerva,URBANA,TRAFFICO,12.21278,46.14376,2019,8276,0,28,2,7,14,23,38,67,98,126,1,0,1,1,20,179
Veneto,Belluno,Feltre,AREA FELTRINA,SUBURBANA,FONDO,11.905833,46.030833,2019,8369,0,13,2,2,6,10,18,34,50,62,1,0,0,1,0,32
Veneto,Belluno,Alpago,PIEVE D'ALPAGO,RURALE,FONDO,12.360833,46.1625,2019,8344,0,6,2,2,2,4,7,16,27,40,1,0,0,0,0,0
Veneto,Treviso,Conegliano,CONEGLIANO,URBANA,FONDO,12.308056,45.890556,2019,8305,0,22,2,6,11,17,29,52,76,118,1,0,1,1,1,114
Veneto,Treviso,Mansuè,MANSUE',RURALE,FONDO,12.510278,45.836944,2019,8346,0,14,2,2,6,11,19,35,61,99,1,0,0,1,0,41
Veneto,Treviso,Treviso,TV - Via Lancieri di Novara,URBANA,FONDO,12.238611,45.6725,2019,8264,0,29,2,8,14,24,39,67,100,133,1,0,1,1,26,194
Veneto,Treviso,Treviso,TV - Strada S. Agnese,URBANA,TRAFFICO,12.2161,45.65877,2019,8318,0,27,2,7,17,26,35,53,74,119,1,0,1,1,1,192
Veneto,Venezia,San Donà di Piave,SAN DONA' DI PIAVE,URBANA,FONDO,12.591667,45.630278,2019,8212,0,35,2,15,22,30,42,70,100,124,1,0,1,1,49,268
Veneto,Venezia,Venezia,VE - Sacca Fisola,URBANA,FONDO,12.313889,45.429444,2019,8331,0,29,2,2,12,27,43,66,100,144,1,0,1,1,32,199
Veneto,Venezia,Venezia,VE - Parco Bissuola,URBANA,FONDO,12.262222,45.499167,2019,8350,0,28,2,7,13,24,39,63,94,136,1,0,1,1,27,181
Veneto,Venezia,Venezia,VE - Via Tagliamento,URBANA,TRAFFICO,12.21833,45.49028,2019,8311,0,37,4,10,20,31,48,80,122,178,1,0,1,1,62,269
Veneto,Venezia,Venezia,VE - Malcontenta,SUBURBANA,INDUSTRIALE,12.205556,45.438333,2019,8348,0,29,2,9,17,27,39,58,83,128,1,0,1,1,24,202
Veneto,Padova,Cinto Euganeo,PARCO COLLI EUGANEI,RURALE,FONDO,11.643056,45.29,2019,8262,0,14,2,2,7,10,18,36,51,65,1,0,0,1,0,44
Veneto,Padova,Este,ESTE,SUBURBANA,INDUSTRIALE,11.665833,45.226667,2019,8310,0,23,2,5,10,17,33,59,94,114,1,0,1,1,21,137
Veneto,Padova,Padova,PD - Mandria,URBANA,FONDO,11.841944,45.371944,2019,8342,0,32,2,8,15,27,43,73,110,131,1,0,1,1,46,212
Veneto,Padova,Padova,PD - Arcella,URBANA,TRAFFICO,11.89056,45.43333,2019,8320,0,38,2,11,21,34,49,78,115,145,1,0,1,1,61,287
Veneto,Padova,Santa Giustina in Colle,ALTA PADOVANA,RURALE,FONDO,11.902222,45.600278,2019,8240,0,23,2,7,12,19,30,51,77,109,1,0,1,1,2,120
Veneto,Rovigo,Adria,ADRIA,URBANA,FONDO,12.06194,45.04667,2019,8226,0,17,2,2,7,13,24,43,62,81,1,0,0,1,0,71
Veneto,Rovigo,Badia Polesine,BADIA POLESINE,RURALE,FONDO,11.553333,45.103889,2019,8252,0,17,2,2,7,13,24,41,60,82,1,0,0,1,2,70
Veneto,Rovigo,Rovigo,RO - Borsea,URBANA,FONDO,11.791111,45.039722,2019,8325,0,23,2,2,8,17,32,62,111,145,1,0,1,1,18,115
Veneto,Rovigo,Rovigo,RO - Largo Martiri,URBANA,TRAFFICO,11.78333,45.07472,2019,8321,0,31,2,8,16,26,41,69,108,169,1,0,1,1,36,207
Friuli Venezia Giulia,Udine,Bagnaria Arsa,Castions,RURALE,FONDO,13.30197,45.84208,2019,7865,0,15,1,3,7,12,21,36,53,67,1,0,0,1,0,34
Friuli Venezia Giulia,Udine,Malborghetto Valbruna,Ugovizza,SUBURBANA,FONDO,13.47479,46.51005,2019,8234,0,12,0,2,5,9,16,37,63,77,1,0,0,1,0,31
Friuli Venezia Giulia,Udine,Osoppo,Osoppo,SUBURBANA,INDUSTRIALE,13.06689,46.22101,2019,8134,0,15,0,2,7,13,21,37,58,82,1,0,0,1,0,27
Friuli Venezia Giulia,Udine,San Giovanni al Natisone,S.Giovanni al Natisone,SUBURBANA,FONDO,13.393333,45.973333,2019,8038,0,13,0,2,5,9,17,40,67,89,1,0,0,1,0,42
Friuli Venezia Giulia,Udine,Tolmezzo,Tolmezzo,URBANA,FONDO,13.011111,46.401944,2019,0,0,,,,,,,,,,0,,,,0,0
Friuli Venezia Giulia,Udine,Torviscosa,Edison Torviscosa,SUBURBANA,FONDO,13.2714,45.82199,2019,8035,0,18,1,5,9,15,23,44,67,82,1,0,0,1,0,69
Friuli Venezia Giulia,Udine,Torviscosa,Malisana,RURALE,INDUSTRIALE,13.26213,45.81078,2019,7046,0,14,0,2,6,11,19,38,64,90,0,0,0,1,0,44
Friuli Venezia Giulia,Udine,Udine,V.Cairoli,URBANA,FONDO,13.24069,46.06612,2019,8139,0,17,0,2,6,11,24,50,78,107,1,0,0,1,1,83
Friuli Venezia Giulia,Udine,Udine,Via S.Daniele,URBANA,TRAFFICO,13.22972,46.07083,2019,8208,0,23,0,3,9,19,33,59,93,125,1,0,1,1,10,128
Friuli Venezia Giulia,Udine,Fiumicello Villa Vicentina,A2A Papariano,RURALE,INDUSTRIALE,13.42333,45.79944,2019,7968,0,9,0,1,3,5,11,29,53,72,1,0,0,0,0,21
Friuli Venezia Giulia,Gorizia,Doberdò del Lago,A2A Doberdo',RURALE,INDUSTRIALE,13.54308,45.84299,2019,8005,0,7,0,1,3,5,8,18,38,68,1,0,0,0,0,2
Friuli Venezia Giulia,Gorizia,Grado,A2A Fossalon,RURALE,FONDO,13.48636,45.73162,2019,7994,0,9,0,1,4,6,12,25,45,59,1,0,0,0,0,7
Friuli Venezia Giulia,Gorizia,Monfalcone,Monfalcone,URBANA,FONDO,13.528889,45.81,2019,1828,0,23,2,5,11,19,31,58,81,90,0,0,1,1,0,32
Friuli Venezia Giulia,Gorizia,Monfalcone,A2A Via Natisone,URBANA,INDUSTRIALE,13.52205,45.80518,2019,7993,0,18,0,3,6,11,21,58,120,168,1,0,0,1,14,73
Friuli Venezia Giulia,Gorizia,Ronchi dei Legionari,A2A Vermegliano,RURALE,FONDO,13.50112,45.83643,2019,7792,0,16,0,3,6,11,21,45,72,104,1,0,0,1,1,54
Friuli Venezia Giulia,Trieste,Trieste,Via Carpineto,SUBURBANA,FONDO,13.7875,45.623056,2019,170,0,30,3,6,13,27,44,67,74,74,0,0,1,1,0,6
Friuli Venezia Giulia,Trieste,Trieste,via Pitacco-ARPA,SUBURBANA,INDUSTRIALE,13.78026,45.62421,2019,7998,0,23,0,3,9,18,33,59,89,109,1,0,1,1,15,121
Friuli Venezia Giulia,Trieste,Trieste,piazza Volontari Giuliani,URBANA,TRAFFICO,13.78895,45.65439,2019,7944,0,24,0,2,11,21,33,57,86,113,1,0,1,1,11,128
Friuli Venezia Giulia,Trieste,Trieste,piazza Carlo Alberto,URBANA,FONDO,13.75605,45.64232,2019,7965,0,27,0,5,12,21,38,65,95,127,1,0,1,1,19,168
Friuli Venezia Giulia,Trieste,Trieste,Via del Ponticello,SUBURBANA,INDUSTRIALE,13.78376,45.62062,2019,8098,0,25,0,4,9,20,37,64,98,129,1,0,1,1,16,166
Friuli Venezia Giulia,Trieste,Trieste,p.le Rosmini,URBANA,FONDO,13.766081,45.640486,2019,8081,0,22,0,3,8,15,30,61,92,123,1,0,1,1,12,109
Friuli Venezia Giulia,Pordenone,Brugnera,Brugnera,URBANA,FONDO,12.53631,45.89865,2019,2880,0,25,1,5,14,26,34,47,68,101,0,0,1,1,0,71
Friuli Venezia Giulia,Pordenone,Morsano al Tagliamento,Morsano,SUBURBANA,FONDO,12.9259,45.85693,2019,1584,0,23,2,7,13,21,30,47,62,74,0,0,1,1,0,28
Friuli Venezia Giulia,Pordenone,Pordenone,Pordenone Centro 1,URBANA,TRAFFICO,12.65594,45.96262,2019,8052,0,27,0,5,14,23,36,60,90,128,1,0,1,1,7,170
Friuli Venezia Giulia,Pordenone,Sacile,Sacile,SUBURBANA,TRAFFICO,12.50187,45.95089,2019,8144,0,27,0,6,14,23,35,61,99,140,1,0,1,1,12,171
Liguria,Imperia,Sanremo,PIAZZA BATTISTI - SANREMO,URBANA,TRAFFICO,7.77273,43.81413,2019,8584,0,15,-3,2,5,10,19,44,74,139,1,0,0,1,1,39
Liguria,Imperia,Sanremo,GIARDINI REGINA ELENA - SANREMO,URBANA,FONDO,7.77434,43.82001,2019,8455,0,14,-5,2,5,10,18,38,62,88,1,0,0,1,0,10
Liguria,Savona,Albenga,REGIONE CAVALLO - ALBENGA,URBANA,TRAFFICO,8.20544,44.05259,2019,8339,0,19,-1,4,9,16,25,42,73,121,1,0,0,1,0,59
Liguria,Savona,Cairo Montenotte,LOCALITA' FARINA - CAIRO MONTENOTTE,SUBURBANA,INDUSTRIALE,8.28068,44.38241,2019,8108,0,18,0,6,10,15,22,38,69,133,1,0,0,1,0,52
Liguria,Savona,Cairo Montenotte,LOCALITA' MAZZUCCA - CAIRO MONTENOTTE,SUBURBANA,INDUSTRIALE,8.2838,44.38325,2019,8050,0,19,1,5,10,15,24,47,75,114,1,0,0,1,5,84
Liguria,Savona,Cairo Montenotte,LOCALITA' BRAGNO - CAIRO MONTENOTTE,SUBURBANA,INDUSTRIALE,8.29868,44.37494,2019,7944,0,12,-1,2,5,10,17,30,44,67,1,0,0,1,0,12
Liguria,Savona,Carcare,CARCARE,SUBURBANA,INDUSTRIALE,8.29011,44.36533,2019,8410,0,37,0,12,24,35,48,68,91,115,1,0,1,1,23,325
Liguria,Savona,Cengio,CENGIO - RIO PARASACCO,RURALE-NEARCITY,FONDO,8.20604,44.39703,2019,8139,0,7,0,2,4,6,9,17,32,43,1,0,0,0,0,0
Liguria,Savona,Quiliano,MERCATO GENERALE - QUILIANO,SUBURBANA,INDUSTRIALE,8.43169,44.28709,2019,8226,0,17,-3,4,10,15,22,39,64,125,1,0,0,1,0,51
Liguria,Savona,Savona,CORSO RICCI - SAVONA,URBANA,TRAFFICO,8.47293,44.31268,2019,8172,0,28,2,8,17,25,36,58,84,114,1,0,1,1,2,204
Liguria,Savona,Savona,VARALDO - SAVONA,URBANA,FONDO,8.48542,44.31538,2019,7771,0,13,0,2,6,10,17,31,70,111,1,0,0,1,0,9
Liguria,Savona,Vado Ligure,VIA AURELIA - VIA FERRARIS - VADO L.,URBANA,TRAFFICO,8.43892,44.27253,2019,8364,0,24,-3,3,10,20,33,61,104,141,1,0,1,1,8,150
Liguria,Savona,Vado Ligure,VIA DE LITTA - VADO LIGURE,SUBURBANA,INDUSTRIALE,8.44565,44.26179,2019,8202,0,17,2,5,10,15,21,35,56,98,1,0,0,1,0,34
Liguria,Genova,Busalla,PIAZZA GARIBALDI - BUSALLA,URBANA,TRAFFICO,8.94675,44.56945,2019,8201,0,34,-6,9,20,31,44,70,97,131,1,0,1,1,41,266
Liguria,Genova,Busalla,SARISSOLA - BUSALLA,SUBURBANA,INDUSTRIALE,8.95104,44.57402,2019,8582,0,21,1,7,11,18,27,47,75,108,1,0,1,1,12,99
Liguria,Genova,Campomorone,CAMPORA - CAMPOMORONE,SUBURBANA,FONDO,8.87383,44.51859,2019,8496,0,15,-2,3,8,13,21,35,51,67,1,0,0,1,0,30
Liguria,Genova,Chiavari,VIA ASSAROTTI - CHIAVARI,URBANA,TRAFFICO,9.32356,44.31494,2019,8022,0,17,-1,3,8,14,22,42,66,106,1,0,0,1,0,49
Liguria,Genova,Genova,MULTEDO - PEGLI - GENOVA,URBANA,TRAFFICO,8.82598,44.4255,2019,8286,0,46,-4,16,32,45,59,82,120,192,1,1,1,1,134,333
Liguria,Genova,Genova,CORSO FIRENZE - GENOVA,URBANA,FONDO,8.92737,44.41816,2019,7366,0,24,1,5,10,18,30,64,113,160,0,0,1,1,11,109
Liguria,Genova,Genova,PARCO ACQUASOLA - GENOVA,URBANA,FONDO,8.94101,44.40759,2019,8319,0,17,0,4,8,13,21,45,86,190,1,0,0,1,1,54
Liguria,Genova,Genova,QUARTO - GENOVA,URBANA,FONDO,8.99154,44.39489,2019,7563,0,18,-4,3,7,13,23,46,89,110,1,0,0,1,5,68
Liguria,Genova,Genova,CORSO EUROPA - VIA S. MARTINO - GENOVA,URBANA,TRAFFICO,8.96819,44.40492,2019,8318,4,57,4,13,32,55,78,112,154,248,1,1,1,1,232,347
Liguria,Genova,Genova,VIA PASTORINO - BOLZANETO - GENOVA,URBANA,TRAFFICO,8.90142,44.46272,2019,7725,0,39,1,14,26,37,50,70,96,138,1,0,1,1,50,289
Liguria,Genova,Genova,CORSO BUENOS AIRES - GENOVA,URBANA,TRAFFICO,8.95013,44.40309,2019,8515,0,38,2,11,21,34,51,76,100,121,1,0,1,1,54,306
Liguria,Genova,Genova,VIA BUOZZI - GENOVA,URBANA,TRAFFICO,8.91193,44.41394,2019,8067,0,50,-2,12,28,48,68,100,142,189,1,1,1,1,168,328
Liguria,Genova,Rapallo,CAMPO SPORTIVO MACERA - RAPALLO,URBANA,TRAFFICO,9.22261,44.35173,2019,8246,0,24,-7,5,13,21,32,53,85,142,1,0,1,1,1,136
Liguria,La Spezia,Bolano,BOLANO,RURALE-NEARCITY,FONDO,9.89769,44.18309,2019,8203,0,5,-1,1,2,4,6,12,23,50,1,0,0,0,0,0
Liguria,La Spezia,La Spezia,SAN CIPRIANO - LIBERTA - LA SPEZIA,URBANA,TRAFFICO,9.83211,44.11081,2019,8403,0,40,-4,6,16,34,60,89,127,187,1,0,1,1,78,299
Liguria,La Spezia,La Spezia,AMENDOLA - LA SPEZIA,URBANA,TRAFFICO,9.8187,44.10165,2019,8396,0,26,1,5,13,22,36,58,82,117,1,0,1,1,5,166
Liguria,La Spezia,La Spezia,MAGGIOLINA - LA SPEZIA,URBANA,FONDO,9.84394,44.11603,2019,8367,0,22,1,6,11,18,30,53,74,137,1,0,1,1,0,117
Liguria,La Spezia,La Spezia,FOSSAMASTRA - LA SPEZIA,URBANA,INDUSTRIALE,9.8577,44.10666,2019,8608,0,25,2,7,15,23,33,49,67,92,1,0,1,1,1,179
Liguria,La Spezia,La Spezia,SAN VENERIO - LA SPEZIA,SUBURBANA,INDUSTRIALE,9.86571,44.12865,2019,8343,0,11,0,3,5,8,13,27,49,118,1,0,0,1,0,5
Liguria,La Spezia,La Spezia,CHIAPPA - LA SPEZIA,SUBURBANA,FONDO,9.79871,44.12365,2019,8466,0,9,0,2,4,6,11,24,48,87,1,0,0,0,0,0
Liguria,La Spezia,La Spezia,PIAZZA SAINT BON - LA SPEZIA,URBANA,TRAFFICO,9.81587,44.11013,2019,8452,0,26,-1,3,10,22,37,62,92,109,1,0,1,1,3,166
Liguria,La Spezia,Portovenere,LE GRAZIE - PORTOVENERE,SUBURBANA,INDUSTRIALE,9.83895,44.06466,2019,8439,0,13,-3,2,4,10,19,33,50,69,1,0,0,1,0,9
Liguria,La Spezia,Santo Stefano di Magra,SANTO STEFANO MAGRA,SUBURBANA,TRAFFICO,9.91871,44.15466,2019,8413,0,20,0,5,10,17,26,43,61,78,1,0,0,1,0,67
Liguria,La Spezia,Sarzana,LARGO PERTINI - SARZANA,URBANA,TRAFFICO,9.95503,44.11094,2019,8344,0,20,-2,4,10,17,27,47,69,100,1,0,0,1,0,79
Emilia-Romagna,Piacenza,Besenzone,BESENZONE,RURALE,FONDO,10.019167,44.989444,2019,8442,0,18,0,3,8,16,25,40,53,68,1,0,0,1,0,74
Emilia-Romagna,Piacenza,Corte Brugnatella,CORTE BRUGNATELLA,RURALE,FONDO,9.36693,44.73473,2019,8203,0,4,0,0,1,2,4,12,28,51,1,0,0,0,0,0
Emilia-Romagna,Piacenza,Lugagnano Val d'Arda,LUGAGNANO,SUBURBANA,FONDO,9.83028,44.82389,2019,8588,0,16,1,4,7,12,21,39,60,85,1,0,0,1,0,49
Emilia-Romagna,Piacenza,Piacenza,GIORDANI FARNESE,URBANA,TRAFFICO,9.69333,45.04889,2019,8505,1,33,3,9,18,29,44,68,129,204,1,0,1,1,49,232
Emilia-Romagna,Piacenza,Piacenza,PARCO MONTECUCCO,URBANA,FONDO,9.669167,45.038333,2019,8581,0,23,1,5,11,18,33,54,91,115,1,0,1,1,7,137
Emilia-Romagna,Parma,Colorno,SARAGAT,SUBURBANA,FONDO,10.370833,44.926111,2019,8602,0,16,2,4,8,14,22,36,53,72,1,0,0,1,0,60
Emilia-Romagna,Parma,Langhirano,BADIA,RURALE,FONDO,10.288889,44.6575,2019,8552,0,12,0,3,6,9,15,32,51,66,1,0,0,1,0,15
Emilia-Romagna,Parma,Parma,CITTADELLA,URBANA,FONDO,10.33167,44.79361,2019,8543,0,20,2,4,9,15,28,47,74,92,1,0,0,1,0,104
Emilia-Romagna,Parma,Parma,MONTEBELLO,URBANA,TRAFFICO,10.33667,44.78833,2019,8503,0,34,2,10,19,30,44,69,107,138,1,0,1,1,46,247
Emilia-Romagna,Reggio nell'Emilia,Castellarano,CASTELLARANO,SUBURBANA,FONDO,10.733889,44.516111,2019,8531,0,17,0,3,8,14,24,42,58,78,1,0,0,1,0,81
Emilia-Romagna,Reggio nell'Emilia,Guastalla,SAN ROCCO,RURALE,FONDO,10.663889,44.873056,2019,8704,0,16,0,2,7,13,23,37,53,72,1,0,0,1,0,62
Emilia-Romagna,Reggio nell'Emilia,Reggio nell'Emilia,S. LAZZARO,URBANA,FONDO,10.664722,44.690833,2019,8661,0,23,2,5,11,19,32,52,80,104,1,0,1,1,2,131
Emilia-Romagna,Reggio nell'Emilia,Reggio nell'Emilia,TIMAVO,URBANA,TRAFFICO,10.622778,44.700278,2019,8691,0,34,3,11,21,31,45,70,108,150,1,0,1,1,52,274
Emilia-Romagna,Reggio nell'Emilia,Villa Minozzo,FEBBIO,RURALE,FONDO,10.430278,44.299722,2019,8628,0,4,1,1,2,3,5,8,15,31,1,0,0,0,0,0
Emilia-Romagna,Modena,Carpi,REMESINA,SUBURBANA,FONDO,10.88365,44.79943,2019,8657,0,28,3,8,15,24,35,60,109,153,1,0,1,1,16,177
Emilia-Romagna,Modena,Fiorano Modenese,SAN FRANCESCO,URBANA,TRAFFICO,10.8189,44.54121,2019,8550,0,43,1,9,20,38,62,91,131,170,1,1,1,1,80,344
Emilia-Romagna,Modena,Mirandola,GAVELLO,RURALE,FONDO,11.17795,44.92784,2019,8016,0,14,1,3,7,11,18,32,45,55,1,0,0,1,0,36
Emilia-Romagna,Modena,Modena,GIARDINI,URBANA,TRAFFICO,10.90473,44.63605,2019,8671,0,41,3,13,25,37,53,81,125,176,1,1,1,1,90,308
Emilia-Romagna,Modena,Modena,PARCO FERRARI,URBANA,FONDO,10.90633,44.65061,2019,8663,0,24,0,4,11,21,33,58,103,133,1,0,1,1,14,121
Emilia-Romagna,Modena,Sassuolo,PARCO EDILCARANI,URBANA,FONDO,10.79139,44.53944,2019,8653,0,19,1,5,10,16,23,42,86,110,1,0,0,1,0,65
Emilia-Romagna,Bologna,Bologna,GIARDINI MARGHERITA,URBANA,FONDO,11.355,44.48333,2019,8345,0,21,1,4,10,17,29,47,61,83,1,0,1,1,0,107
Emilia-Romagna,Bologna,Bologna,PORTA SAN FELICE,URBANA,TRAFFICO,11.32833,44.49972,2019,8318,0,46,5,19,34,46,57,78,114,148,1,1,1,1,117,351
Emilia-Romagna,Bologna,Bologna,VIA CHIARINI,SUBURBANA,FONDO,11.286111,44.5,2019,8372,0,21,0,4,9,17,29,51,71,116,1,0,1,1,8,103
Emilia-Romagna,Bologna,Imola,DE AMICIS,URBANA,TRAFFICO,11.72028,44.35556,2019,8300,0,24,2,6,13,21,33,53,81,112,1,0,1,1,6,150
Emilia-Romagna,Bologna,Molinella,SAN PIETRO CAPOFIUME,RURALE,FONDO,11.639444,44.662222,2019,8104,0,15,0,1,6,11,21,41,59,74,1,0,0,1,2,60
Emilia-Romagna,Bologna,San Lazzaro di Savena,SAN LAZZARO,URBANA,TRAFFICO,11.41639,44.47222,2019,8383,0,25,3,8,14,22,33,51,71,82,1,0,1,1,1,161
Emilia-Romagna,Bologna,Alto Reno Terme,CASTELLUCCIO,RURALE,FONDO,10.926111,44.15,2019,7772,0,6,0,1,3,6,8,12,18,39,1,0,0,0,0,0
Emilia-Romagna,Ferrara,Cento,CENTO,SUBURBANA,FONDO,11.299722,44.738333,2019,8347,0,20,0,4,8,15,29,50,83,124,1,0,0,1,6,104
Emilia-Romagna,Ferrara,Ferrara,ISONZO,URBANA,TRAFFICO,11.61306,44.8425,2019,8679,0,36,3,11,23,34,47,66,101,129,1,0,1,1,45,295
Emilia-Romagna,Ferrara,Ferrara,VILLA FULVIA,URBANA,FONDO,11.649722,44.825,2019,8731,0,19,0,2,7,14,29,48,72,101,1,0,0,1,3,99
Emilia-Romagna,Ferrara,Jolanda di Savoia,GHERARDI,RURALE,FONDO,11.961111,44.839722,2019,8547,0,13,0,2,5,9,17,34,46,65,1,0,0,1,0,41
Emilia-Romagna,Ferrara,Ostellato,OSTELLATO,RURALE,FONDO,11.942222,44.741667,2019,8597,0,13,0,2,5,9,18,36,47,60,1,0,0,1,0,45
Emilia-Romagna,Ravenna,Alfonsine,BALLIRANA,RURALE,FONDO,11.981381,44.526485,2019,8657,0,13,0,2,6,10,17,33,45,51,1,0,0,1,0,33
Emilia-Romagna,Ravenna,Cervia,DELTA CERVIA,SUBURBANA,FONDO,12.332222,44.283889,2019,8638,0,14,0,2,5,11,19,36,47,56,1,0,0,1,0,43
Emilia-Romagna,Ravenna,Faenza,PARCO BERTOZZI,URBANA,FONDO,11.873396,44.285612,2019,8662,0,15,0,2,6,11,22,42,62,77,1,0,0,1,0,68
Emilia-Romagna,Ravenna,Ravenna,ZALAMELLA,URBANA,TRAFFICO,12.18667,44.42861,2019,8364,0,28,2,8,16,25,37,59,92,119,1,0,1,1,16,185
Emilia-Romagna,Ravenna,Ravenna,CAORLE,URBANA,FONDO,12.225556,44.42,2019,8529,0,20,0,4,8,15,28,49,70,91,1,0,0,1,2,99
Emilia-Romagna,Forli'-Cesena,Cesena,FRANCHINI ANGELONI,URBANA,FONDO,12.239167,44.139167,2019,8416,0,23,2,7,13,20,31,52,75,91,1,0,1,1,0,113
Emilia-Romagna,Forli'-Cesena,Forlì,ROMA,URBANA,TRAFFICO,12.056389,44.215,2019,8109,0,28,0,5,14,25,39,62,92,115,1,0,1,1,5,187
Emilia-Romagna,Forli'-Cesena,Forlì,PARCO RESISTENZA,URBANA,FONDO,12.048889,44.219167,2019,8192,0,21,0,4,9,16,31,53,81,106,1,0,1,1,3,113
Emilia-Romagna,Forli'-Cesena,Savignano sul Rubicone,SAVIGNANO,SUBURBANA,FONDO,12.4025,44.095833,2019,8425,0,22,1,5,11,18,30,50,73,106,1,0,1,1,0,111
Emilia-Romagna,Forli'-Cesena,Sogliano al Rubicone,SAVIGNANO DI RIGO,RURALE,FONDO,12.224722,43.9275,2019,8278,0,4,0,0,1,2,4,11,23,40,1,0,0,0,0,0
Emilia-Romagna,Rimini,Rimini,MARECCHIA,URBANA,FONDO,12.553333,44.0625,2019,8239,0,21,0,1,7,17,31,52,86,146,1,0,1,1,3,99
Emilia-Romagna,Rimini,Rimini,FLAMINIA,URBANA,TRAFFICO,12.57556,44.05222,2019,8115,0,42,2,13,27,39,54,78,107,133,1,1,1,1,69,327
Emilia-Romagna,Rimini,San Clemente,SAN CLEMENTE,RURALE,FONDO,12.6275,43.932778,2019,8631,0,7,0,0,1,4,9,26,47,65,1,0,0,0,0,12
Emilia-Romagna,Rimini,Verucchio,VERUCCHIO,SUBURBANA,FONDO,12.42,44.013056,2019,8549,0,13,0,2,5,9,15,40,63,136,1,0,0,1,1,45
Emilia-Romagna,Rimini,San Leo,SAN LEO,RURALE,FONDO,12.401667,43.908056,2019,8186,0,5,0,1,2,4,7,14,34,45,1,0,0,0,0,1
Toscana,Massa Carrara,Carrara,MS-COLOMBAROTTO,URBANA,FONDO,10.097222,44.078333,2019,8192,0,14,0,1,5,10,20,40,59,82,1,0,0,1,0,36
Toscana,Massa Carrara,Massa,MS-MARINA-VECCHIA,URBANA,TRAFFICO,10.13276,44.0311,2019,8269,0,18,0,2,7,14,25,50,73,103,1,0,0,1,0,73
Toscana,Lucca,Bagni di Lucca,LU-FORNOLI,URBANA,FONDO,10.55988,44.00555,2019,8336,0,12,0,3,6,9,16,31,45,61,1,0,0,1,0,15
Toscana,Lucca,Capannori,LU-CAPANNORI,URBANA,FONDO,10.573889,43.840833,2019,8357,0,22,0,4,10,19,30,52,77,90,1,0,1,1,3,116
Toscana,Lucca,Lucca,LU-MICHELETTO,URBANA,TRAFFICO,10.51222,43.84389,2019,8064,0,27,1,7,14,23,37,57,79,99,1,0,1,1,9,170
Toscana,Lucca,Lucca,LU-CARIGNANO,RURALE,FONDO,10.45361,43.86889,2019,8283,0,9,-1,1,3,7,12,27,49,72,1,0,0,0,0,10
Toscana,Lucca,Lucca,LU-SAN-CONCORDIO,URBANA,FONDO,10.50048,43.83281,2019,8256,0,24,0,5,11,20,33,56,89,111,1,0,1,1,3,134
Toscana,Lucca,Viareggio,LU-VIAREGGIO,URBANA,FONDO,10.245,43.883889,2019,8342,0,24,0,3,9,18,36,64,94,118,1,0,1,1,18,130
Toscana,Pistoia,Montale,PT-MONTALE,RURALE,FONDO,11.00694,43.91611,2019,8355,0,18,0,3,7,13,25,46,66,88,1,0,0,1,1,73
Toscana,Pistoia,Pistoia,PT-SIGNORELLI,URBANA,FONDO,10.90528,43.94083,2019,8243,0,22,1,5,10,17,30,55,77,102,1,0,1,1,7,112
Toscana,Firenze,Firenze,FI-MOSSE,URBANA,TRAFFICO,11.23139,43.78583,2019,8305,0,36,1,11,20,31,48,76,107,144,1,0,1,1,63,270
Toscana,Firenze,Firenze,FI-GRAMSCI,URBANA,TRAFFICO,11.27222,43.77306,2019,8079,0,56,3,20,37,54,72,102,134,177,1,1,1,1,223,357
Toscana,Firenze,Firenze,FI-BASSI,URBANA,FONDO,11.2875,43.78667,2019,8223,0,21,0,3,8,15,29,56,83,102,1,0,1,1,10,110
Toscana,Firenze,Firenze,FI-SETTIGNANO,RURALE,FONDO,11.323889,43.789167,2019,8209,0,7,0,1,3,5,8,21,51,80,1,0,0,0,0,6
Toscana,Firenze,Scandicci,FI-SCANDICCI,URBANA,FONDO,11.19278,43.75694,2019,8359,0,26,0,5,11,21,36,60,88,108,1,0,1,1,17,148
Toscana,Firenze,Signa,FI-SIGNA,URBANA,FONDO,11.09778,43.79306,2019,8021,0,19,0,4,8,14,26,48,67,86,1,0,0,1,3,79
Toscana,Firenze,Figline e Incisa Valdarno,FI-FIGLINE,URBANA,FONDO,11.46694,43.62303,2019,8311,0,18,-2,4,9,15,25,43,60,78,1,0,0,1,0,63
Toscana,Livorno,Livorno,LI-CAPPIELLO,URBANA,FONDO,10.321667,43.52,2019,8283,0,16,0,3,7,11,20,45,69,145,1,0,0,1,0,40
Toscana,Livorno,Livorno,LI-CARDUCCI,URBANA,TRAFFICO,10.32972,43.55472,2019,6573,0,41,0,10,24,38,54,85,125,163,0,1,1,1,73,257
Toscana,Livorno,Livorno,LI-LA-PIRA,URBANA,FONDO,10.3327,43.5689,2019,8354,0,19,0,5,9,15,24,47,80,127,1,0,0,1,0,71
Toscana,Livorno,Piombino,LI-COTONE,SUBURBANA,INDUSTRIALE,10.534167,42.939167,2019,8203,0,14,0,3,6,11,17,41,73,101,1,0,0,1,0,13
Toscana,Livorno,Piombino,LI-PIOMBINO-PARCO-VIII-MARZO,URBANA,FONDO,10.52417,42.93194,2019,8337,0,12,0,1,5,9,15,33,62,91,1,0,0,1,0,8
Toscana,Pisa,Pisa,PI-PASSI,URBANA,FONDO,10.401667,43.738889,2019,8293,0,18,0,3,7,14,24,49,74,102,1,0,0,1,3,68
Toscana,Pisa,Pisa,PI-BORGHETTO,URBANA,TRAFFICO,10.41056,43.71389,2019,8243,0,33,0,8,18,29,44,69,95,111,1,0,1,1,41,255
Toscana,Pisa,Pomarance,PI-MONTECERBOLI,SUBURBANA,FONDO,10.881667,43.247778,2019,8272,0,5,-1,1,2,3,5,12,30,46,1,0,0,0,0,0
Toscana,Pisa,Santa Croce sull'Arno,PI-SANTA-CROCE-COOP,SUBURBANA,FONDO,10.771667,43.713056,2019,8323,0,22,0,4,10,17,30,53,83,99,1,0,1,1,5,123
Toscana,Arezzo,Arezzo,AR-REPUBBLICA,URBANA,TRAFFICO,11.87667,43.4625,2019,8318,0,31,2,9,18,29,41,61,83,110,1,0,1,1,5,255
Toscana,Arezzo,Arezzo,AR-ACROPOLI,URBANA,FONDO,11.88889,43.46111,2019,8294,0,15,1,3,6,10,19,42,62,89,1,0,0,1,0,54
Toscana,Arezzo,Chitignano,AR-CASA-STABBI,RURALE,FONDO,11.90167,43.66028,2019,8298,0,2,0,0,1,1,2,5,9,27,1,0,0,0,0,0
Toscana,Siena,Poggibonsi,SI-POGGIBONSI,URBANA,FONDO,11.14194,43.47278,2019,8325,0,17,2,4,8,14,23,41,65,88,1,0,0,1,0,62
Toscana,Siena,Siena,SI-BRACCI,URBANA,TRAFFICO,11.325,43.3378,2019,8262,0,34,3,10,18,28,45,80,119,181,1,0,1,1,40,282
Toscana,Grosseto,Grosseto,GR-SONNINO,URBANA,TRAFFICO,11.11,42.7625,2019,8361,0,35,0,7,18,32,48,76,107,130,1,0,1,1,32,302
Toscana,Grosseto,Grosseto,GR-URSS,URBANA,FONDO,11.11917,42.77861,2019,8204,0,17,0,5,9,13,20,43,78,123,1,0,0,1,1,56
Toscana,Grosseto,Grosseto,GR-MAREMMA,RURALE,FONDO,11.09417,42.67056,2019,8261,0,3,0,1,2,2,4,7,13,24,1,0,0,0,0,0
Toscana,Prato,Prato,PO-FERRUCCI,URBANA,TRAFFICO,11.10528,43.87472,2019,8353,0,28,2,7,14,24,39,60,83,96,1,0,1,1,18,190
Toscana,Prato,Prato,PO-ROMA,URBANA,FONDO,11.09194,43.87278,2019,8282,0,29,2,7,13,23,41,71,102,133,1,0,1,1,46,182
Umbria,Perugia,Città di Castello,C Castello,URBANA,FONDO,12.245833,43.456944,2019,8471,0,13,1,2,5,10,17,39,67,83,1,0,0,1,0,45
Umbria,Perugia,Foligno,PORTA ROMANA,URBANA,TRAFFICO,12.70778,42.95167,2019,8386,0,21,1,4,10,17,28,51,76,102,1,0,1,1,2,101
Umbria,Perugia,Gubbio,PIAZZA 40 MARTIRI,URBANA,TRAFFICO,12.57639,43.35278,2019,8153,0,16,1,2,7,12,22,46,69,105,1,0,0,1,3,68
Umbria,Perugia,Gubbio,Ghigiano,SUBURBANA,INDUSTRIALE,12.611667,43.273889,2019,8223,0,7,1,1,2,5,8,23,69,112,1,0,0,0,0,8
Umbria,Perugia,Gubbio,Leonardo da Vinci,SUBURBANA,INDUSTRIALE,12.557222,43.358333,2019,8004,0,10,1,1,4,7,13,31,51,75,1,0,0,0,0,10
Umbria,Perugia,Gubbio,Padule,SUBURBANA,INDUSTRIALE,12.618611,43.317778,2019,8350,0,10,1,2,4,8,14,27,43,73,1,0,0,0,0,3
Umbria,Perugia,Gubbio,Semonte Alta,SUBURBANA,INDUSTRIALE,12.546944,43.3675,2019,8090,0,8,1,1,3,4,9,28,55,86,1,0,0,0,0,1
Umbria,Perugia,Magione,Magione,SUBURBANA,FONDO,12.205833,43.133056,2019,8279,0,11,1,1,5,9,16,31,49,67,1,0,0,1,0,24
Umbria,Perugia,Perugia,CORTONESE,URBANA,FONDO,12.36611,43.10306,2019,8035,0,20,-1,3,8,15,28,52,76,88,1,0,0,1,5,96
Umbria,Perugia,Perugia,P.S.GIOVANNI,URBANA,TRAFFICO,12.44194,43.08889,2019,8286,0,20,1,4,10,16,25,51,86,127,1,0,0,1,2,80
Umbria,Perugia,Perugia,FONTIVEGGE1,URBANA,TRAFFICO,12.37472,43.10444,2019,8315,0,23,1,3,10,17,32,63,95,116,1,0,1,1,11,134
Umbria,Perugia,Spoleto,Piazza Vittoria,URBANA,FONDO,12.73722,42.73972,2019,8272,0,32,1,10,19,30,43,58,69,84,1,0,1,1,1,261
Umbria,Perugia,Torgiano,BRUFA,RURALE,FONDO,12.46806,43.06694,2019,7796,0,14,1,2,5,9,19,40,72,107,1,0,0,1,0,26
Umbria,Terni,Amelia,Amelia,URBANA,FONDO,12.419722,42.551944,2019,8180,0,11,1,3,6,9,14,26,50,98,1,0,0,1,2,4
Umbria,Terni,Narni,Narni Scalo,SUBURBANA,FONDO,12.52194,42.53417,2019,7966,0,12,1,3,6,10,16,29,45,58,1,0,0,1,0,2
Umbria,Terni,Orvieto,Ciconia2,SUBURBANA,FONDO,12.136667,42.737222,2019,8388,0,7,1,2,3,5,9,19,37,134,1,0,0,0,0,3
Umbria,Terni,Terni,CARRARA,URBANA,TRAFFICO,12.65083,42.56,2019,8339,0,30,2,10,18,27,38,60,92,125,1,0,1,1,11,235
Umbria,Terni,Terni,BORGO RIVO,URBANA,FONDO,12.62361,42.58194,2019,8303,0,17,1,3,8,13,22,44,72,92,1,0,0,1,0,52
Umbria,Terni,Terni,Le Grazie,URBANA,FONDO,12.65167,42.55222,2019,8713,0,16,1,3,7,12,21,42,68,83,1,0,0,1,0,41
Marche,Pesaro e Urbino,Fano,VIA MONTEGRAPPA,URBANA,TRAFFICO,13.01861,43.83972,2019,8295,0,28,1,13,19,25,34,56,92,155,1,0,1,1,6,210
Marche,Pesaro e Urbino,Pesaro,VIA SCARPELLINI,SUBURBANA,FONDO,12.91889,43.89333,2019,7779,0,27,2,10,19,26,34,46,62,73,1,0,1,1,0,208
Marche,Pesaro e Urbino,Urbino,URBINO - LOC.PIANSEVERO - Via Neruda,SUBURBANA,FONDO,12.63639,43.73056,2019,7004,0,12,2,4,7,9,14,26,55,78,0,0,0,1,0,10
Marche,Ancona,Ancona,Ancona Cittadella,URBANA,FONDO,13.50861,43.61167,2019,7697,0,19,0,4,9,15,25,50,81,116,1,0,0,1,9,72
Marche,Ancona,Ancona,LABORATORIO MOBILE,URBANA,INDUSTRIALE,13.4923,43.605898,2019,8071,0,24,2,6,14,22,32,51,77,100,1,0,1,1,9,132
Marche,Ancona,Chiaravalle,CHIARAVALLE2,SUBURBANA,FONDO,13.34194,43.59889,2019,8292,0,27,2,7,16,25,36,56,81,115,1,0,1,1,1,191
Marche,Ancona,Falconara Marittima,FALCONARA SCUOLA,SUBURBANA,INDUSTRIALE,13.3875,43.63333,2019,8555,0,28,4,9,15,25,38,60,94,116,1,0,1,1,18,188
Marche,Ancona,Genga,Genga -Parco Gola della Rossa,RURALE-REGIONALE,FONDO,12.95222,43.46806,2019,7886,0,6,1,3,4,5,7,11,25,42,1,0,0,0,0,0
Marche,Ancona,Jesi,JESI,URBANA,TRAFFICO,13.245,43.52694,2019,8419,0,26,2,8,14,23,34,53,74,133,1,0,1,1,2,165
Marche,Macerata,Civitanova Marche,Civitanova IPPODROMO S. MARONE,RURALE,FONDO,13.67472,43.33556,2019,7762,0,7,-1,2,4,6,8,16,29,51,1,0,0,0,0,1
Marche,Macerata,Macerata,Macerata COLLEVARIO,SUBURBANA,FONDO,13.42861,43.285,2019,7995,0,12,0,2,5,8,14,35,62,94,1,0,0,1,0,12
Marche,Ascoli Piceno,Ascoli Piceno,MONTICELLI,URBANA,FONDO,13.61944,42.84861,2019,8048,0,14,0,4,7,10,17,38,61,72,1,0,0,1,0,19
Marche,Ascoli Piceno,Montemonaco,MONTEMONACO,RURALE-REGIONALE,FONDO,13.33667,42.90056,2019,7990,0,5,0,2,4,5,6,10,15,27,1,0,0,0,0,0
Marche,Ascoli Piceno,San Benedetto del Tronto,San Benedetto del Tronto,URBANA,TRAFFICO,13.87944,42.94444,2019,7959,0,26,1,6,14,22,34,62,101,137,1,0,1,1,15,164
Lazio,Viterbo,Acquapendente,ACQUAPENDENTE,RURALE,FONDO,11.87643,42.736572,2019,7926,0,5,-1,0,2,4,7,14,28,44,1,0,0,0,0,0
Lazio,Viterbo,Civita Castellana,Civita Castellana via Petrarca,URBANA,FONDO,12.413195,42.301812,2019,8247,0,12,0,2,5,10,16,32,56,85,1,0,0,1,0,17
Lazio,Viterbo,Monte Romano,Monte Romano,SUBURBANA,FONDO,11.894315,42.268585,2019,8385,0,5,-1,1,2,4,6,12,25,59,1,0,0,0,0,0
Lazio,Viterbo,Viterbo,VITERBO,URBANA,TRAFFICO,12.109196,42.42212,2019,8371,0,23,0,4,11,19,31,53,85,102,1,0,1,1,1,123
Lazio,Rieti,Leonessa,LEONESSA,RURALE,FONDO,12.962063,42.572591,2019,8236,0,4,0,1,2,3,5,14,46,73,1,0,0,0,0,0
Lazio,Rieti,Rieti,RIETI,URBANA,TRAFFICO,12.857794,42.404687,2019,8317,0,15,-1,3,7,12,20,40,69,97,1,0,0,1,0,45
Lazio,Roma,Allumiere,ALLUMIERE,RURALE,FONDO,11.908954,42.157856,2019,8331,0,8,0,0,3,7,11,19,31,70,1,0,0,0,0,0
Lazio,Roma,Allumiere,Allumiere Aldo Moro,RURALE,FONDO,11.900004,42.160966,2019,8583,0,5,0,1,2,4,6,13,30,55,1,0,0,0,0,0
Lazio,Roma,Civitavecchia,CIVITAVECCHIA,URBANA,FONDO,11.802485,42.091593,2019,7999,0,18,-1,2,7,13,23,53,87,126,1,0,0,1,1,71
Lazio,Roma,Civitavecchia,Civitavecchia- via Roma,URBANA,TRAFFICO,11.795408,42.094128,2019,8323,0,38,1,12,22,34,50,80,109,140,1,0,1,1,64,304
Lazio,Roma,Civitavecchia,Civitavecchia- Villa Albani,URBANA,TRAFFICO,11.79834,42.099296,2019,8327,0,22,1,4,9,16,30,63,100,129,1,0,1,1,2,123
Lazio,Roma,Civitavecchia,Aurelia,RURALE,FONDO,11.793172,42.137309,2019,8381,0,8,0,1,3,5,10,26,53,96,1,0,0,0,0,1
Lazio,Roma,Civitavecchia,S. Agostino,RURALE,FONDO,11.742706,42.159983,2019,7727,0,3,0,0,0,2,4,11,25,51,1,0,0,0,0,0
Lazio,Roma,Civitavecchia,Fiumaretta,URBANA,TRAFFICO,11.784396,42.102156,2019,8142,0,16,0,3,6,11,20,47,80,122,1,0,0,1,0,41
Lazio,Roma,Civitavecchia,Faro,URBANA,FONDO,11.817652,42.098837,2019,8213,0,8,0,1,3,5,10,29,61,96,1,0,0,0,0,2
Lazio,Roma,Civitavecchia,Campo dell'Oro,URBANA,FONDO,11.809369,42.081792,2019,8379,0,12,0,3,6,9,14,30,70,108,1,0,0,1,0,6
Lazio,Roma,Civitavecchia,S. Gordiano,URBANA,FONDO,11.815903,42.073612,2019,7227,0,10,-1,0,3,6,13,36,63,109,0,0,0,0,0,4
Lazio,Roma,Civitavecchia,Civitavecchia Porto,URBANA,INDUSTRIALE,11.788283,42.096873,2019,8279,0,24,0,4,9,17,31,67,97,133,1,0,1,1,3,147
Lazio,Roma,Civitavecchia,Civitavecchia via Morandi,URBANA,TRAFFICO,11.806455,42.086777,2019,8296,0,22,-1,2,9,18,32,55,86,122,1,0,1,1,0,122
Lazio,Roma,Colleferro,COLLEFERRO OBERDAN,SUBURBANA,FONDO,13.004056,41.730447,2019,8223,0,29,0,8,17,28,39,58,80,137,1,0,1,1,3,241
Lazio,Roma,Colleferro,COLLEFERRO EUROPA,SUBURBANA,INDUSTRIALE,13.009668,41.725005,2019,8237,0,23,0,4,11,19,30,55,83,114,1,0,1,1,0,127
Lazio,Roma,Guidonia Montecelio,GUIDONIA,SUBURBANA,TRAFFICO,12.726623,41.995626,2019,8259,0,26,-1,5,14,23,34,56,83,114,1,0,1,1,1,177
Lazio,Roma,Roma,C.SO FRANCIA,URBANA,TRAFFICO,12.469563,41.947448,2019,8355,0,48,1,19,34,46,61,85,112,152,1,1,1,1,164,355
Lazio,Roma,Roma,L.GO MAGNA GRECIA,URBANA,TRAFFICO,12.50895,41.883075,2019,8211,0,48,4,20,34,46,59,81,109,157,1,1,1,1,150,354
Lazio,Roma,Roma,CASTEL DI GUIDO,RURALE,FONDO,12.266327,41.889451,2019,8109,0,10,-1,0,3,6,13,33,60,81,1,0,0,0,0,12
Lazio,Roma,Roma,VILLA ADA,URBANA,FONDO,12.506947,41.932892,2019,8138,0,26,-1,4,11,22,37,61,90,106,1,0,1,1,9,171
Lazio,Roma,Roma,CINECITTA,URBANA,FONDO,12.568652,41.857716,2019,8331,0,37,0,8,17,32,52,81,114,156,1,0,1,1,61,284
Lazio,Roma,Roma,TENUTA DEL CAVALIERE,SUBURBANA,FONDO,12.65848,41.929474,2019,8029,0,24,0,6,12,20,33,55,83,111,1,0,1,1,1,133
Lazio,Roma,Roma,L.GO PERESTRELLO,URBANA,FONDO,12.541618,41.886019,2019,8378,0,37,0,8,18,32,52,82,111,145,1,0,1,1,61,286
Lazio,Roma,Roma,TIBURTINA,URBANA,TRAFFICO,12.548854,41.910268,2019,8213,0,50,-1,18,35,48,62,88,134,193,1,1,1,1,167,355
Lazio,Roma,Roma,BUFALOTTA,URBANA,FONDO,12.533667,41.947654,2019,8080,0,34,0,9,18,29,46,79,116,148,1,0,1,1,47,269
Lazio,Roma,Roma,CIPRO,URBANA,FONDO,12.447588,41.906356,2019,8276,0,40,3,12,23,35,51,84,119,139,1,0,1,1,77,307
Lazio,Roma,Roma,FERMI,URBANA,TRAFFICO,12.46957,41.863993,2019,8230,1,58,2,21,39,54,74,106,137,201,1,1,1,1,258,361
Lazio,Roma,Roma,ARENULA,URBANA,FONDO,12.475387,41.893971,2019,8255,0,42,4,13,25,39,54,81,112,149,1,1,1,1,75,337
Lazio,Roma,Roma,MALAGROTTA,SUBURBANA,FONDO,12.34559,41.874783,2019,8238,0,22,-1,1,8,19,32,54,76,90,1,0,1,1,3,122
Lazio,Roma,Tolfa,Tolfa,RURALE,FONDO,11.935607,42.152456,2019,8195,0,6,0,1,3,4,7,14,26,45,1,0,0,0,0,0
Lazio,Roma,Ciampino,CIAMPINO,URBANA,TRAFFICO,12.607028,41.797881,2019,8187,0,29,-1,6,16,26,39,65,90,110,1,0,1,1,12,231
Lazio,Roma,Fiumicino,Fiumicino Porto,SUBURBANA,INDUSTRIALE,12.223404,41.774844,2019,7949,0,19,-1,1,4,11,29,57,85,104,1,0,0,1,3,95
Lazio,Roma,Fiumicino,Villa Guglielmi,URBANA,FONDO,12.237041,41.768234,2019,8382,0,28,0,9,16,23,37,64,90,120,1,0,1,1,14,202
Lazio,Latina,Aprilia,APRILIA 2,URBANA,FONDO,12.653293,41.595363,2019,7854,1,20,-1,4,9,15,25,54,94,210,1,0,0,1,1,84
Lazio,Latina,Gaeta,Gaeta Porto,URBANA,FONDO,13.57049,41.223084,2019,8172,0,23,-1,3,9,17,32,66,104,140,1,0,1,1,7,130
Lazio,Latina,Latina,LT TASSO,URBANA,FONDO,12.913043,41.464027,2019,8145,0,21,-1,2,8,15,29,61,106,165,1,0,1,1,9,103
Lazio,Latina,Latina,LATINA SCALO,SUBURBANA,FONDO,12.9466,41.531405,2019,7891,0,25,-1,2,11,21,35,61,98,190,1,0,1,1,7,142
Lazio,Latina,Latina,Latina De Chirico,URBANA,TRAFFICO,12.891731,41.451131,2019,8206,0,28,0,5,14,23,35,68,110,150,1,0,1,1,22,186
Lazio,Frosinone,Alatri,ALATRI,URBANA,FONDO,13.338286,41.727296,2019,8281,0,33,0,7,18,29,45,74,116,147,1,0,1,1,28,251
Lazio,Frosinone,Anagni,ANAGNI,URBANA,FONDO,13.149795,41.746893,2019,8117,0,23,0,6,13,21,30,51,82,148,1,0,1,1,0,120
Lazio,Frosinone,Cassino,CASSINO,URBANA,TRAFFICO,13.830728,41.48846,2019,8291,0,37,2,13,25,35,47,72,98,120,1,0,1,1,51,314
Lazio,Frosinone,Ceccano,CECCANO,URBANA,TRAFFICO,13.338713,41.571594,2019,8333,0,30,-1,8,18,28,40,61,94,150,1,0,1,1,5,242
Lazio,Frosinone,Ferentino,FERENTINO,URBANA,TRAFFICO,13.265568,41.687898,2019,8243,0,15,0,4,8,12,20,36,52,123,1,0,0,1,0,39
Lazio,Frosinone,Frosinone,FONTECHIARI,RURALE,FONDO,13.348977,41.639609,2019,8316,0,6,-1,1,3,4,7,14,25,53,1,0,0,0,0,0
Lazio,Frosinone,Frosinone,FROSINONE SCALO,URBANA,TRAFFICO,13.330917,41.624311,2019,8246,0,37,2,13,24,34,47,71,99,146,1,0,1,1,41,322
Lazio,Frosinone,Frosinone,FROSINONE MAZZINI,URBANA,FONDO,13.348977,41.639609,2019,8331,0,26,-1,4,12,22,37,61,88,113,1,0,1,1,14,172
Abruzzo,L'Aquila,Castel di Sangro,Castel di Sangro,SUBURBANA,FONDO,14.10361,41.77944,2019,7945,0,24,0,4,9,17,30,72,117,148,1,0,1,1,25,109
Abruzzo,L'Aquila,L'Aquila,AQ - Amiternum,URBANA,FONDO,13.38306,42.36417,2019,7642,0,19,0,3,7,13,25,52,74,95,1,0,0,1,1,80
Abruzzo,L'Aquila,L'Aquila,San Gregorio,SUBURBANA,FONDO,13.48944,42.33,2019,8090,0,10,0,2,4,7,13,27,44,64,1,0,0,0,0,7
Abruzzo,L'Aquila,L'Aquila,Arischia,RURALE,FONDO,13.35083,42.41278,2019,8267,0,3,0,0,1,2,4,8,20,45,1,0,0,0,0,0
Abruzzo,Teramo,Teramo,TE - Porta Madonna,URBANA,TRAFFICO,13.70944,42.65722,2019,6224,0,37,2,8,21,33,50,75,97,116,0,0,1,1,43,211
Abruzzo,Teramo,Teramo,Gammarana,URBANA,FONDO,13.72611,42.66556,2019,6229,0,19,0,3,7,13,27,52,76,103,0,0,0,1,1,53
Abruzzo,Pescara,Cepagatti,ASL CEPAGATTI,RURALE,FONDO,14.06778,42.35806,2019,7727,0,6,0,1,3,5,8,17,34,52,1,0,0,0,0,0
Abruzzo,Pescara,Montesilvano,MONTESILVANO,URBANA,TRAFFICO,14.14833,42.5175,2019,8157,0,27,0,5,14,23,35,64,119,185,1,0,1,1,23,159
Abruzzo,Pescara,Pescara,PE - VIA SACCO,URBANA,TRAFFICO,14.1975,42.45194,2019,6594,0,25,0,5,11,21,35,61,90,110,0,0,1,1,0,128
Abruzzo,Pescara,Pescara,PE - VIA FIRENZE,URBANA,TRAFFICO,14.21306,42.46639,2019,7058,0,27,0,4,13,23,36,65,97,117,0,0,1,1,9,155
Abruzzo,Pescara,Pescara,PE - TEATRO D'ANNUNZIO,URBANA,FONDO,14.23472,42.45639,2019,8080,0,22,0,6,10,18,30,50,78,104,1,0,1,1,0,109
Abruzzo,Pescara,Sant'Eufemia a Maiella,Parco Nazionale Maiella,RURALE,FONDO,14.02889,42.11944,2019,5845,0,1,0,0,1,1,2,3,8,13,0,0,0,0,0,0
Abruzzo,Chieti,Chieti,Scuola Antonelli,URBANA,FONDO,14.13778,42.34611,2019,7105,0,19,0,2,8,15,26,48,74,98,0,0,0,1,2,61
Abruzzo,Chieti,Francavilla al Mare,Francavilla,SUBURBANA,FONDO,14.27917,42.42139,2019,8200,0,14,0,2,5,9,18,40,70,93,1,0,0,1,1,39
Abruzzo,Chieti,Ortona,Villa Caldari,SUBURBANA,FONDO,14.35583,42.29306,2019,8130,0,9,0,1,3,6,12,26,42,69,1,0,0,0,0,5
Molise,Campobasso,Campobasso,CAMPOBASSO1,URBANA,TRAFFICO,14.663333,41.557778,2019,8016,0,47,0,4,22,43,69,105,144,192,1,1,1,1,136,289
Molise,Campobasso,Campobasso,CAMPOBASSO3,URBANA,FONDO,14.674722,41.554167,2019,8379,0,21,1,8,13,17,25,46,74,100,1,0,1,1,0,76
Molise,Campobasso,Campobasso,CAMPOBASSO4,URBANA,FONDO,14.672778,41.566944,2019,7949,0,17,0,1,6,13,25,45,67,84,1,0,0,1,0,54
Molise,Campobasso,Guardiaregia,GUARDIAREGIA,RURALE,FONDO,14.525556,41.418889,2019,5661,0,7,0,2,5,7,9,13,24,35,0,0,0,0,0,0
Molise,Campobasso,Termoli,TERMOLI1,URBANA,TRAFFICO,14.99361,42.00111,2019,8226,0,9,0,2,6,8,12,19,26,31,1,0,0,0,0,0
Molise,Campobasso,Termoli,TERMOLI2,URBANA,TRAFFICO,14.993333,41.998056,2019,8583,0,35,1,12,26,35,44,55,67,75,1,0,1,1,10,296
Molise,Isernia,Isernia,ISERNIA1,URBANA,TRAFFICO,14.23361,41.59722,2019,7027,0,18,0,3,9,15,24,41,71,175,0,0,0,1,0,32
Molise,Isernia,Vastogirardi,VASTOGIRARDI,RURALE,FONDO,14.208889,41.759444,2019,8062,0,6,1,2,4,6,7,10,19,39,1,0,0,0,0,0
Molise,Isernia,Venafro,VENAFRO1,URBANA,TRAFFICO,14.04722,41.48417,2019,7908,0,19,0,1,6,12,22,66,126,187,1,0,0,1,25,59
Molise,Isernia,Venafro,VENAFRO2,URBANA,FONDO,14.033333,41.478889,2019,7340,0,20,0,3,9,17,27,49,84,135,0,0,0,1,3,77
Campania,Caserta,Aversa,Aversa scuola Cirillo,URBANA,TRAFFICO,14.2114,40.97548,2019,8149,0,33,3,8,15,25,46,81,107,122,1,0,1,1,60,216
Campania,Caserta,Caserta,CE51 ISTITUTO MANZONI,URBANA,TRAFFICO,14.34472,41.08444,2019,7536,0,24,1,5,10,17,31,65,95,117,1,0,1,1,4,128
Campania,Caserta,Caserta,CE52 SCUOLA DE AMICIS,URBANA,TRAFFICO,14.33122,41.07795,2019,7873,0,20,1,5,10,17,27,49,71,90,1,0,0,1,0,93
Campania,Caserta,Maddaloni,CE54 SCUOLA SETTEMBRINI,SUBURBANA,TRAFFICO,14.37809,41.04592,2019,8294,0,24,1,4,12,22,33,56,76,93,1,0,1,1,2,154
Campania,Caserta,Orta di Atella,Marcianise SET,SUBURBANA,INDUSTRIALE,14.28704,40.99513,2019,6957,0,21,0,2,9,17,28,51,88,119,0,0,1,1,8,86
Campania,Caserta,Pignataro Maggiore,Pignataro,SUBURBANA,INDUSTRIALE,14.15079,41.16857,2019,7772,0,27,0,8,15,23,37,58,76,93,1,0,1,1,0,195
Campania,Caserta,San Felice a Cancello,San Felice a Cancello Complesso scolastico,SUBURBANA,TRAFFICO,14.42397,40.99052,2019,8182,0,21,0,3,10,19,29,50,74,112,1,0,1,1,2,125
Campania,Caserta,Sparanise,Sparanise,SUBURBANA,INDUSTRIALE,14.09215,41.18529,2019,8237,0,21,0,7,11,17,25,50,79,113,1,0,1,1,0,74
Campania,Caserta,Teverola,Teverola SET,SUBURBANA,INDUSTRIALE,14.20275,40.99096,2019,8346,14,34,2,8,15,28,47,78,150,306,1,0,1,1,51,223
Campania,Benevento,Benevento,Via Mustilli,URBANA,TRAFFICO,14.78938,41.13146,2019,8249,0,28,1,7,15,24,38,63,93,125,1,0,1,1,6,212
Campania,Benevento,Benevento,Benevento Zona Industriale,SUBURBANA,FONDO,14.83614,41.14691,2019,7889,0,9,0,3,5,7,12,21,36,49,1,0,0,0,0,3
Campania,Benevento,Benevento,Benevento Campo Sportivo,URBANA,FONDO,14.77998,41.11575,2019,7630,0,18,0,5,9,14,22,45,73,101,1,0,0,1,1,54
Campania,Napoli,Acerra,Acerra Zona Industriale,SUBURBANA,INDUSTRIALE,14.401,40.97971,2019,8075,0,21,0,2,8,18,31,50,75,105,1,0,1,1,1,114
Campania,Napoli,Acerra,Acerra scuola Caporale,URBANA,TRAFFICO,14.36981,40.94108,2019,8044,0,25,0,6,12,20,33,66,105,137,1,0,1,1,18,152
Campania,Napoli,Casoria,Casoria Scuola Palizzi (CAM),SUBURBANA,FONDO,14.29866,40.91463,2019,8132,0,33,0,8,16,27,45,78,108,166,1,0,1,1,49,245
Campania,Napoli,Napoli,NA06 MUSEO NAZIONALE,URBANA,TRAFFICO,14.25133,40.85419,2019,8374,1,50,0,11,28,46,67,103,146,201,1,1,1,1,164,330
Campania,Napoli,Napoli,NA07 ENTE FERROVIE,URBANA,TRAFFICO,14.27167,40.85361,2019,7948,6,57,2,14,34,53,75,112,160,271,1,1,1,1,223,335
Campania,Napoli,Napoli,NA09 I.T.I.S. ARGINE,SUBURBANA,TRAFFICO,14.34108,40.86427,2019,7715,0,41,0,9,20,38,58,86,111,145,1,1,1,1,87,298
Campania,Napoli,Napoli,NA08 OSPEDALE NUOVO PELLEGRINI,URBANA,TRAFFICO,14.27547,40.87234,2019,8354,0,38,0,8,22,35,51,78,108,143,1,0,1,1,66,308
Campania,Napoli,Napoli,NA02 OSPEDALE SANTOBONO,URBANA,TRAFFICO,14.23111,40.84936,2019,8371,0,40,2,11,24,36,52,83,115,133,1,0,1,1,85,316
Campania,Napoli,Napoli,NA01 OSSERVATORIO ASTRONOMICO,URBANA,FONDO,14.25451,40.86369,2019,8365,1,27,0,4,11,20,37,75,118,208,1,0,1,1,21,182
Campania,Napoli,Napoli,Tirrenopower Via Epomeo,URBANA,INDUSTRIALE,14.20567,40.84495,2019,7634,0,33,1,9,17,26,43,77,112,179,1,0,1,1,39,217
Campania,Napoli,Napoli,Parco Virgiliano,SUBURBANA,FONDO,14.17941,40.79889,2019,7539,0,7,0,0,2,4,9,24,60,93,1,0,0,0,0,7
Campania,Napoli,Pomigliano d'Arco,Pomigliano d'Arco Area ASI,SUBURBANA,INDUSTRIALE,14.38946,40.92087,2019,8165,0,19,0,3,8,16,27,48,70,84,1,0,0,1,0,85
Campania,Napoli,Portici,Portici parco reggia,URBANA,FONDO,14.34927,40.81588,2019,7433,0,21,0,2,6,14,31,59,78,99,0,0,1,1,1,108
Campania,Napoli,Pozzuoli,Pozzuoli Villa Avellino,URBANA,FONDO,14.12254,40.82291,2019,7791,0,19,0,3,9,16,26,50,74,93,1,0,0,1,0,76
Campania,Napoli,San Vitaliano,San Vitaliano Scuola Elementare Marconi,URBANA,FONDO,14.48133,40.92431,2019,8325,0,31,1,8,16,26,43,71,93,151,1,0,1,1,25,234
Campania,Napoli,Torre Annunziata,Torre Annunziata Scuola Media Pascoli,SUBURBANA,FONDO,14.43815,40.7606,2019,8040,0,25,0,4,10,18,34,68,104,140,1,0,1,1,10,142
Campania,Napoli,Volla,Tirrenopower Volla,SUBURBANA,INDUSTRIALE,14.34998,40.8864,2019,8022,2,32,0,7,14,26,43,77,139,236,1,0,1,1,37,220
Campania,Avellino,Ariano Irpino,Villa Comunale,URBANA,FONDO,15.09675,41.15604,2019,7644,0,8,0,1,4,7,11,20,34,62,1,0,0,0,0,0
Campania,Avellino,Avellino,AV41 SCUOLA V CIRCOLO,SUBURBANA,FONDO,14.78556,40.91417,2019,7875,0,19,0,4,8,14,25,52,87,152,1,0,0,1,4,68
Campania,Avellino,Avellino,Avellino Scuola Alighieri,URBANA,TRAFFICO,14.78553,40.91882,2019,8387,0,21,0,2,9,17,28,55,83,97,1,0,1,1,1,109
Campania,Avellino,Solofra,Solofra Zona Industriale,SUBURBANA,INDUSTRIALE,14.82459,40.83555,2019,8379,0,11,0,3,5,9,14,31,63,104,1,0,0,1,0,13
Campania,Salerno,Battipaglia,Battipaglia parco fiume,URBANA,FONDO,14.97584,40.61107,2019,8245,0,19,0,5,9,14,25,51,83,106,1,0,0,1,1,73
Campania,Salerno,Cava de' Tirreni,Cava de' Tirreni Stadio,SUBURBANA,FONDO,14.70244,40.71099,2019,8239,0,31,0,3,12,25,44,77,108,139,1,0,1,1,53,203
Campania,Salerno,Nocera Inferiore,Nocera Inferiore scuola Solimene,URBANA,TRAFFICO,14.64345,40.7404,2019,8189,0,27,0,3,12,24,39,65,94,156,1,0,1,1,14,201
Campania,Salerno,Ottati,Ottati Alburni,RURALE-REGIONALE,FONDO,15.29873,40.47059,2019,7214,0,3,0,0,1,3,4,8,12,20,0,0,0,0,0,0
Campania,Salerno,Polla,Polla Area tritovagliatore,SUBURBANA,INDUSTRIALE,15.52825,40.48701,2019,8222,0,19,1,4,9,17,26,42,58,83,1,0,0,1,0,64
Campania,Salerno,Salerno,SA23 SCUOLA OSVALDO CONTI,SUBURBANA,FONDO,14.77751,40.69536,2019,7758,0,43,3,10,22,38,59,97,133,162,1,1,1,1,110,282
Campania,Salerno,Salerno,SA22 Ospedale via Vernieri,URBANA,TRAFFICO,14.76972,40.68389,2019,8299,0,36,0,7,18,30,50,85,127,199,1,0,1,1,60,267
Campania,Salerno,Salerno,Parco Mercatello,URBANA,FONDO,14.80449,40.66142,2019,8291,0,15,0,1,5,11,20,45,75,105,1,0,0,1,0,38
Puglia,Foggia,Foggia,Rosati,URBANA,FONDO,15.54778,41.45389,2019,8075,0,20,0,4,9,16,28,50,70,91,1,0,0,1,4,91
Puglia,Foggia,Lucera,Azienda Russo,RURALE,FONDO,15.44083,41.54666,2019,7461,0,5,0,1,2,4,6,13,28,82,0,0,0,0,0,0
Puglia,Foggia,Manfredonia,Manfredonia VIA DEI MANDORLI,SUBURBANA,TRAFFICO,15.90944,41.62833,2019,7780,0,23,0,5,11,19,32,53,75,107,1,0,1,1,0,132
Puglia,Foggia,Monte Sant'Angelo,Monte S. Angelo SUOLO CIUFFREDA,RURALE,FONDO,15.945,41.66528,2019,8257,0,7,0,1,2,5,11,19,28,42,1,0,0,0,0,0
Puglia,Bari,Altamura,ALTAMURA,SUBURBANA,TRAFFICO,16.56028,40.82778,2019,8188,0,24,0,4,12,21,32,56,87,113,1,0,1,1,2,147
Puglia,Bari,Bari,Caldarola,URBANA,TRAFFICO,16.888056,41.113611,2019,7685,0,39,3,19,29,38,48,65,83,104,1,0,1,1,46,326
Puglia,Bari,Bari,CAVOUR,URBANA,TRAFFICO,16.873333,41.123333,2019,7706,0,34,0,11,21,31,44,66,97,130,1,0,1,1,31,241
Puglia,Bari,Bari,KENNEDY,URBANA,FONDO,16.859722,41.100556,2019,7940,0,23,2,6,11,18,29,59,102,147,1,0,1,1,1,131
Puglia,Bari,Bari,Carbonara,SUBURBANA,FONDO,16.865833,41.076944,2019,7723,0,17,0,4,9,14,22,41,71,98,1,0,0,1,1,44
Puglia,Bari,Bari,CUS,SUBURBANA,FONDO,16.84526,41.1347,2019,7115,0,20,0,3,6,13,29,61,95,144,0,0,0,1,3,104
Puglia,Bari,Casamassima,CASAMASSIMA,SUBURBANA,FONDO,16.91972,40.95333,2019,8003,0,17,0,3,8,14,24,40,61,95,1,0,0,1,0,70
Puglia,Bari,Modugno,EN02 - ass. ecologia,SUBURBANA,INDUSTRIALE,16.766111,41.107778,2019,8363,0,17,0,4,8,12,22,47,83,169,1,0,0,1,1,53
Puglia,Bari,Modugno,EN03 - VIGILI URBANI,URBANA,INDUSTRIALE,16.78167,41.08722,2019,8319,0,21,2,6,11,18,27,45,69,94,1,0,1,1,0,85
Puglia,Bari,Modugno,EN04 - SAN PAOLO,SUBURBANA,INDUSTRIALE,16.78778,41.11444,2019,8393,0,26,2,7,11,18,32,72,127,181,1,0,1,1,22,138
Puglia,Bari,Molfetta,molfetta VERDI,URBANA,TRAFFICO,16.605,41.200278,2019,7491,0,22,0,5,11,17,29,55,93,128,1,0,1,1,4,101
Puglia,Bari,Monopoli,MONOPOLI,SUBURBANA,TRAFFICO,17.29028,40.95667,2019,7152,0,26,0,8,15,22,33,61,96,153,0,0,1,1,5,174
Puglia,Bari,Monopoli,Monopoli Italgreen,SUBURBANA,TRAFFICO,17.28417,40.96139,2019,8459,0,14,1,3,6,11,17,38,66,88,1,0,0,1,0,21
Puglia,Taranto,Grottaglie,Grottaglie,SUBURBANA,FONDO,17.42389,40.53778,2019,7975,0,10,0,2,3,5,11,33,71,97,1,0,0,0,0,12
Puglia,Taranto,Martina Franca,Martina Franca,URBANA,TRAFFICO,17.33194,40.70083,2019,8334,1,27,0,3,12,24,39,63,92,238,1,0,1,1,4,198
Puglia,Taranto,Massafra,Massafra,URBANA,TRAFFICO,17.11583,40.59194,2019,8383,0,16,1,3,7,12,21,43,72,105,1,0,0,1,0,46
Puglia,Taranto,Taranto,Taranto CISI,SUBURBANA,INDUSTRIALE,17.2536,40.52111,2019,8141,0,9,0,2,4,6,11,25,53,75,1,0,0,0,0,3
Puglia,Taranto,Taranto,taranto SAN VITO,URBANA,FONDO,17.22528,40.42333,2019,8155,0,10,0,2,4,7,13,34,58,78,1,0,0,0,0,5
Puglia,Taranto,Taranto,taranto MACHIAVELLI,SUBURBANA,INDUSTRIALE,17.22583,40.48861,2019,8403,0,20,1,5,11,17,26,47,70,98,1,0,0,1,0,80
Puglia,Taranto,Taranto,taranto ADIGE,URBANA,TRAFFICO,17.26333,40.46055556,2019,8258,0,24,1,6,13,21,31,55,85,133,1,0,1,1,5,138
Puglia,Taranto,Taranto,TALSANO,URBANA,FONDO,17.28389,40.41194,2019,8312,0,8,0,1,3,6,11,23,46,143,1,0,0,0,0,4
Puglia,Taranto,Taranto,Taranto ARCHIMEDE,SUBURBANA,INDUSTRIALE,17.23306,40.49444,2019,8166,0,19,1,4,9,15,25,45,67,87,1,0,0,1,0,60
Puglia,Taranto,Statte,taranto WIND,SUBURBANA,TRAFFICO,17.17361,40.52611,2019,3658,0,10,1,2,4,8,13,25,43,70,0,0,0,0,0,0
Puglia,Taranto,Statte,STATTE,SUBURBANA,INDUSTRIALE,17.20333,40.5625,2019,8413,0,9,1,2,4,6,10,24,55,79,1,0,0,0,0,4
Puglia,Brindisi,Brindisi,Brindisi VIA TARANTO,URBANA,TRAFFICO,17.94777,40.63416667,2019,8225,0,20,1,5,10,16,26,52,85,113,1,0,0,1,0,93
Puglia,Brindisi,Brindisi,brindisi VIA DEI MILLE,SUBURBANA,TRAFFICO,17.93833,40.63806,2019,8340,0,21,0,4,10,17,29,53,83,128,1,0,1,1,0,112
Puglia,Brindisi,Brindisi,brindisi VIA MAGELLANO,SUBURBANA,FONDO,17.94361,40.65083,2019,7916,0,11,1,2,3,7,14,34,66,101,1,0,0,1,1,16
Puglia,Brindisi,Brindisi,brindisi SISRI,SUBURBANA,INDUSTRIALE,17.97806,40.62028,2019,7952,0,10,1,2,4,7,13,32,54,76,1,0,0,0,0,4
Puglia,Brindisi,Brindisi,PERRINO,SUBURBANA,FONDO,17.95472,40.63139,2019,8142,0,14,1,4,7,11,17,34,68,114,1,0,0,1,0,23
Puglia,Brindisi,Brindisi,TERMINAL PASSEGGERI,SUBURBANA,INDUSTRIALE,17.96055,40.64583,2019,8151,0,16,1,2,6,11,21,46,77,114,1,0,0,1,1,45
Puglia,Brindisi,Ceglie Messapica,Ceglie Messapica,SUBURBANA,FONDO,17.5125,40.64917,2019,8274,0,14,2,5,8,12,17,32,62,116,1,0,0,1,0,20
Puglia,Brindisi,Cisternino,Cisternino,RURALE,FONDO,17.41583,40.74278,2019,8433,0,7,1,2,4,5,8,17,33,66,1,0,0,0,0,0
Puglia,Brindisi,Francavilla Fontana,Filzi,SUBURBANA,TRAFFICO,17.5875,40.5275,2019,8234,0,17,1,4,7,12,22,49,90,135,1,0,0,1,5,55
Puglia,Brindisi,Mesagne,Mesagne,SUBURBANA,FONDO,17.80833,40.56556,2019,8113,0,10,1,2,4,7,12,30,58,74,1,0,0,0,0,10
Puglia,Brindisi,San Pancrazio Salentino,S. Pancrazio Salentino,SUBURBANA,FONDO,17.84639,40.42333,2019,7819,0,7,1,2,4,6,8,17,35,69,1,0,0,0,0,0
Puglia,Brindisi,San Pietro Vernotico,S. Pietro VERNOTICO,SUBURBANA,INDUSTRIALE,18.00556,40.48556,2019,8210,0,9,1,3,5,7,10,21,43,59,1,0,0,0,0,1
Puglia,Brindisi,Torchiarolo,TORCHIAROLO,SUBURBANA,INDUSTRIALE,18.05361,40.48806,2019,8131,0,11,1,2,5,8,14,33,60,83,1,0,0,1,0,12
Puglia,Brindisi,Torchiarolo,Torchiarolo ENEL,SUBURBANA,FONDO,18.04722,40.48944,2019,8339,0,12,1,2,4,7,16,38,61,80,1,0,0,1,0,11
Puglia,Lecce,Campi Salentina,Campi Salentina,SUBURBANA,FONDO,18.02972,40.40444,2019,7725,0,12,1,2,6,9,14,33,54,71,1,0,0,1,0,9
Puglia,Lecce,Galatina,La Porta,SUBURBANA,INDUSTRIALE,18.17361,40.16805,2019,7765,0,9,1,2,4,7,11,23,44,70,1,0,0,0,0,3
Puglia,Lecce,Guagnano,GUAGNANO - villa baldassarri,SUBURBANA,FONDO,17.96447,40.41852,2019,8261,0,6,0,1,3,5,8,16,31,71,1,0,0,0,0,0
Puglia,Lecce,Lecce,LECCE - S. M. Cerrate,RURALE,FONDO,18.11611,40.45889,2019,7382,0,7,1,2,4,5,9,18,42,67,0,0,0,0,0,2
Puglia,Lecce,Lecce,GARIGLIANO,URBANA,TRAFFICO,18.17306,40.36444,2019,7550,0,15,1,3,6,10,19,45,81,141,1,0,0,1,3,48
Puglia,Lecce,Lecce,LIBERTINI,URBANA,TRAFFICO,18.17667,40.35194,2019,7695,0,24,1,5,13,20,31,59,101,136,1,0,1,1,14,115
Puglia,Lecce,Surbo,Surbo ENEL,RURALE,FONDO,18.125,40.40333,2019,7261,0,10,1,2,4,7,13,28,57,78,0,0,0,0,0,10
Puglia,Barletta-Andria-Trani,Andria,ANDRIA,URBANA,TRAFFICO,16.29167,41.23167,2019,7815,3,24,1,5,11,19,32,63,111,217,1,0,1,1,6,137
Puglia,Barletta-Andria-Trani,Barletta,stadio casardi,URBANA,FONDO,16.28611,41.31667,2019,8082,0,20,2,6,10,15,25,48,75,108,1,0,0,1,3,77
Basilicata,Potenza,Grumento Nova,GRUMENTO 3,SUBURBANA,INDUSTRIALE,15.89143,40.288391,2019,8050,0,4,0,1,3,4,5,9,23,46,1,0,0,0,0,0
Basilicata,Potenza,Guardia Perticara,GuardiaPerticara 1,RURALE,INDUSTRIALE,16.097537,40.364036,2019,1379,0,3,0,1,2,2,3,6,10,17,0,0,0,0,0,0
Basilicata,Potenza,Lavello,Lavello,URBANA,INDUSTRIALE,15.787626,41.046003,2019,8536,0,10,0,3,5,9,13,24,43,68,1,0,0,0,0,1
Basilicata,Potenza,Melfi,MELFI,SUBURBANA,INDUSTRIALE,15.639965,40.9841,2019,7866,0,13,0,3,6,10,19,30,47,75,1,0,0,1,0,33
Basilicata,Potenza,Melfi,San Nicola di Melfi,RURALE,INDUSTRIALE,15.722746,41.067055,2019,8499,0,13,0,3,7,11,16,32,58,103,1,0,0,1,1,15
Basilicata,Potenza,Potenza,Potenza - S.L.Branca,SUBURBANA,INDUSTRIALE,15.872893,40.643893,2019,7685,0,7,0,1,4,6,9,17,30,54,1,0,0,0,0,1
Basilicata,Potenza,Viggiano,Viggiano,RURALE,INDUSTRIALE,15.90458,40.314068,2019,7784,0,9,0,2,4,6,12,27,47,66,1,0,0,0,0,5
Basilicata,Potenza,Viggiano,VIGGIANO 1,RURALE,INDUSTRIALE,15.900698,40.334862,2019,8445,0,4,0,0,2,3,5,9,18,34,1,0,0,0,0,0
Basilicata,Potenza,Viggiano,VIGGIANO - MASSERIA DE BLASIIS,RURALE,INDUSTRIALE,15.867364,40.324234,2019,8596,0,6,0,2,3,5,8,15,28,78,1,0,0,0,0,0
Basilicata,Potenza,Viggiano,VIGGIANO - COSTA MOLINA SUD 1,RURALE,INDUSTRIALE,15.9548,40.315619,2019,8400,0,4,0,1,2,3,4,9,21,45,1,0,0,0,0,0
Basilicata,Matera,Ferrandina,Ferrandina,RURALE,INDUSTRIALE,16.496209,40.485846,2019,7644,0,11,0,3,5,8,13,30,58,93,1,0,0,1,0,0
Basilicata,Matera,Matera,La Martella,SUBURBANA,INDUSTRIALE,16.547146,40.686653,2019,7466,0,8,0,1,4,6,11,23,46,66,0,0,0,0,0,1
Basilicata,Matera,Pisticci,Pisticci,RURALE,INDUSTRIALE,16.548431,40.420377,2019,8232,0,9,0,2,4,6,11,27,46,65,1,0,0,0,0,0
Basilicata,Matera,Tricarico,Tricarico 1,RURALE,INDUSTRIALE,16.147441,40.620463,2019,1298,0,9,0,1,3,6,12,24,38,69,0,0,0,0,0,0
Calabria,Cosenza,Acri,Acri,URBANA,FONDO,16.3868,39.48963,2019,8506,0,15,1,4,7,11,21,39,56,152,1,0,0,1,0,44
Calabria,Cosenza,Cosenza,Città dei ragazzi,URBANA,FONDO,16.24517,39.3134,2019,8280,0,20,0,3,8,14,28,57,85,115,1,0,0,1,3,92
Calabria,Cosenza,Firmo,Firmo,RURALE-NEARCITY,INDUSTRIALE,16.19397,39.71376,2019,8487,0,6,3,4,4,5,6,11,36,90,1,0,0,0,1,3
Calabria,Cosenza,Rende,Università,URBANA,TRAFFICO,16.24334,39.33893,2019,8756,0,29,2,8,16,25,38,65,94,117,1,0,1,1,8,230
Calabria,Cosenza,Corigliano-Rossano,Schiavonea,RURALE-NEARCITY,INDUSTRIALE,16.54677,39.65176,2019,7700,0,10,0,0,2,6,14,33,59,86,1,0,0,0,0,5
Calabria,Catanzaro,Catanzaro,Parco della biodiversità mediterranea,URBANA,FONDO,16.57925,38.918288,2019,8174,0,10,0,3,5,8,12,26,62,117,1,0,0,0,5,10
Calabria,Catanzaro,Catanzaro,Santa Maria,URBANA,TRAFFICO,16.60832,38.86898,2019,8225,0,21,0,0,8,18,30,51,73,182,1,0,1,1,3,108
Calabria,Catanzaro,Martirano Lombardo,Martirano Lombardo,URBANA,TRAFFICO,16.23145,39.07497,2019,8571,0,10,0,3,6,9,13,19,27,50,1,0,0,0,0,0
Calabria,Catanzaro,Simeri Crichi,Pietropaolo,RURALE-NEARCITY,INDUSTRIALE,16.66921,38.8705,2019,8535,0,2,0,0,0,1,3,6,12,25,1,0,0,0,0,0
Calabria,Catanzaro,Lamezia Terme,Municipio,SUBURBANA,FONDO,16.29517,38.95955,2019,8575,0,14,0,1,4,8,17,46,87,121,1,0,0,1,0,36
Calabria,Reggio di Calabria,Locri,Locri,URBANA,FONDO,16.25518,38.22976,2019,8019,0,9,0,1,3,6,10,28,53,71,1,0,0,0,0,0
Calabria,Reggio di Calabria,Mammola,Mammola,RURALE-REGIONALE,FONDO,16.23452,38.39092,2019,8577,0,2,0,0,1,2,3,5,7,33,1,0,0,0,0,0
Calabria,Reggio di Calabria,Polistena,Polistena,SUBURBANA,INDUSTRIALE,16.07022,38.39986,2019,7807,0,14,2,7,9,12,17,29,47,78,1,0,0,1,0,1
Calabria,Reggio di Calabria,Reggio di Calabria,Piazza Castello,URBANA,TRAFFICO,15.64524,38.10591,2019,8598,0,19,2,8,13,18,24,35,53,66,1,0,0,1,0,50
Calabria,Reggio di Calabria,Reggio di Calabria,Villa Comunale,URBANA,FONDO,15.63879,38.10495,2019,8048,0,14,0,2,7,12,19,34,55,68,1,0,0,1,0,12
Calabria,Crotone,Crotone,Gioacchino da Fiore (via),URBANA,FONDO,17.11417,39.06808,2019,8389,0,24,1,6,11,19,32,58,84,144,1,0,1,1,8,102
Calabria,Crotone,Crotone,Tribunale,URBANA,TRAFFICO,17.12285,39.07973,2019,7736,0,38,1,4,16,27,52,103,155,200,1,0,1,1,94,207
Calabria,Vibo Valentia,Vibo Valentia,Via Argentaria,URBANA,TRAFFICO,16.09825,38.6758,2019,8517,0,22,1,3,10,18,29,56,95,141,1,0,1,1,2,118
Calabria,Vibo Valentia,Vibo Valentia,Parco Urbano,URBANA,FONDO,16.08024,38.66458,2019,8133,0,7,0,1,3,4,8,23,60,119,1,0,0,0,0,3
Sicilia,Trapani,Trapani,Trapani,URBANA,FONDO,12.546894,38.012365,2019,7970,0,12,0,3,5,9,15,31,52,70,1,0,0,1,0,9
Sicilia,Palermo,Palermo,PA - Boccadifalco,SUBURBANA,FONDO,13.302198,38.120539,2019,8171,0,16,0,4,8,12,19,42,77,127,1,0,0,1,3,39
Sicilia,Palermo,Palermo,PA - Indipendenza,URBANA,TRAFFICO,13.350252,38.111034,2019,0,0,,,,,,,,,,0,,,,0,0
Sicilia,Palermo,Palermo,PA - Castelnuovo,URBANA,TRAFFICO,13.354215,38.124382,2019,8387,0,46,2,12,27,41,60,97,142,175,1,1,1,1,126,297
Sicilia,Palermo,Palermo,PA - Belgio,URBANA,TRAFFICO,13.331559,38.1517,2019,0,0,,,,,,,,,,0,,,,0,0
Sicilia,Palermo,Palermo,PA - Di Blasi,URBANA,TRAFFICO,13.329306,38.121681,2019,8562,0,49,1,15,33,47,63,89,122,176,1,1,1,1,163,341
Sicilia,Palermo,Palermo,PA - Villa Trabia,URBANA,FONDO,13.346531,38.130696,2019,1425,0,19,0,0,2,8,29,70,101,115,0,0,0,1,6,21
Sicilia,Palermo,Partinico,Partinico,URBANA,FONDO,13.11859,38.050162,2019,7793,1,26,0,3,12,21,35,64,90,205,1,0,1,1,14,159
Sicilia,Palermo,Termini Imerese,Termini Imerese,URBANA,FONDO,13.687987,37.977911,2019,8065,0,8,0,2,4,6,11,22,35,51,1,0,0,0,0,0
Sicilia,Messina,Messina,ME - Boccetta,URBANA,TRAFFICO,15.552935,38.198256,2019,8402,0,30,0,6,15,23,39,75,116,160,1,0,1,1,26,191
Sicilia,Messina,Milazzo,Milazzo - Termica,SUBURBANA,FONDO,15.249112,38.190608,2019,6986,0,10,0,2,4,7,13,28,48,69,0,0,0,0,0,1
Sicilia,Messina,Milazzo,a2a - Milazzo,URBANA,FONDO,15.247567,38.231469,2019,8572,0,12,0,2,4,7,16,38,62,118,1,0,0,1,0,2
Sicilia,Messina,Pace del Mela,a2a - Pace del Mela,SUBURBANA,FONDO,15.301496,38.183005,2019,8670,0,6,0,1,3,4,8,15,29,70,1,0,0,0,0,0
Sicilia,Messina,Pace del Mela,Pace del Mela,URBANA,FONDO,15.310064,38.205556,2019,2436,0,6,0,0,2,4,9,20,38,49,0,0,0,0,0,0
Sicilia,Messina,San Filippo del Mela,a2a - San Filippo del Mela,SUBURBANA,FONDO,15.271443,38.174624,2019,8675,0,6,0,1,3,4,7,14,27,63,1,0,0,0,0,0
Sicilia,Messina,Santa Lucia del Mela,Santa Lucia del Mela,RURALE-NEARCITY,FONDO,15.275031,38.160495,2019,8045,0,4,1,1,1,3,5,11,21,45,1,0,0,0,0,0
Sicilia,Agrigento,Agrigento,AG - ASP,SUBURBANA,FONDO,13.593963,37.307047,2019,7604,0,4,0,0,2,3,6,11,38,134,1,0,0,0,2,5
Sicilia,Agrigento,Porto Empedocle,Porto Empedocle,SUBURBANA,FONDO,13.532537,37.291894,2019,5732,0,21,2,8,14,18,27,40,54,71,0,0,1,1,0,61
Sicilia,Caltanissetta,Gela,Gela - Via Venezia,URBANA,TRAFFICO,14.253618,37.070349,2019,8294,0,25,1,6,14,22,32,53,85,199,1,0,1,1,0,151
Sicilia,Caltanissetta,Gela,Gela - Enimed,SUBURBANA,FONDO,14.284218,37.062217,2019,4671,0,6,0,1,3,5,8,16,32,53,0,0,0,0,0,0
Sicilia,Caltanissetta,Gela,Gela - Biviere,RURALE-NEARCITY,FONDO,14.344965,37.022486,2019,5066,0,3,0,0,1,2,4,7,14,79,0,0,0,0,0,0
Sicilia,Caltanissetta,Gela,Gela - Capo Soprano,URBANA,FONDO,14.223844,37.075693,2019,8159,0,8,0,0,0,3,11,28,40,71,1,0,0,0,0,18
Sicilia,Caltanissetta,Niscemi,Niscemi,URBANA,FONDO,14.395552,37.145943,2019,5113,0,38,1,9,21,35,51,77,100,121,0,0,1,1,26,195
Sicilia,Enna,Enna,Enna,URBANA,FONDO,14.281463,37.564125,2019,8431,0,6,0,2,3,5,7,12,24,46,1,0,0,0,0,0
Sicilia,Catania,Catania,CT - Viale Vittorio Veneto,URBANA,TRAFFICO,15.097211,37.515808,2019,0,0,,,,,,,,,,0,,,,0,0
Sicilia,Catania,Catania,CT - Parco Gioeni,URBANA,FONDO,15.081122,37.529257,2019,0,0,,,,,,,,,,0,,,,0,0
Sicilia,Catania,Misterbianco,Misterbianco,URBANA,FONDO,15.010788,37.515714,2019,7514,0,22,0,5,11,17,28,57,91,123,1,0,1,1,0,108
Sicilia,Ragusa,Ragusa,RG - Campo Atletica,SUBURBANA,FONDO,14.734022,36.917119,2019,7333,0,7,0,2,3,6,9,17,39,105,0,0,0,0,1,2
Sicilia,Ragusa,Ragusa,RG - Villa Archimede,URBANA,FONDO,14.714509,36.926331,2019,6953,0,13,0,2,6,9,15,34,85,103,0,0,0,1,0,14
Sicilia,Siracusa,Augusta,Augusta,URBANA,FONDO,15.2205,37.2184,2019,7782,0,10,0,0,2,6,14,32,48,74,1,0,0,0,0,2
Sicilia,Siracusa,Melilli,Melilli,URBANA,FONDO,15.128831,37.182374,2019,7915,0,6,0,0,2,4,8,20,39,59,1,0,0,0,0,0
Sicilia,Siracusa,Siracusa,SR - Via Gela,SUBURBANA,FONDO,15.262506,37.098447,2019,8195,0,26,0,1,8,20,37,69,129,193,1,0,1,1,17,173
Sicilia,Siracusa,Siracusa,SR - Verga,URBANA,TRAFFICO,15.285297,37.091295,2019,7869,0,15,0,0,3,10,21,48,87,125,1,0,0,1,0,47
Sicilia,Siracusa,Siracusa,SR - Pantheon,URBANA,TRAFFICO,15.285331,37.067768,2019,8357,0,21,0,3,9,17,29,54,79,114,1,0,1,1,0,89
Sicilia,Siracusa,Siracusa,SR - Belvedere,SUBURBANA,FONDO,15.208712,37.093973,2019,8247,0,7,0,0,2,6,10,22,40,58,1,0,0,0,0,0
Sicilia,Siracusa,Priolo Gargallo,Priolo,URBANA,FONDO,15.190867,37.156119,2019,7758,0,12,0,1,4,8,15,39,59,77,1,0,0,1,0,12
Sardegna,Sassari,Alghero,CEALG1,URBANA,FONDO,8.324722,40.553333,2019,8309,0,8,0,1,3,6,9,25,42,55,1,0,0,0,0,0
Sardegna,Sassari,Olbia,CENS10,URBANA,TRAFFICO,9.501667,40.928333,2019,8084,0,17,0,2,7,13,23,47,70,92,1,0,0,1,0,62
Sardegna,Sassari,Olbia,CEOLB1,SUBURBANA,FONDO,9.491667,40.9275,2019,8309,0,15,0,2,5,11,21,45,71,96,1,0,0,1,0,42
Sardegna,Sassari,Porto Torres,CENSS3,SUBURBANA,INDUSTRIALE,8.360278,40.815,2019,8221,0,9,0,1,3,6,12,26,47,72,1,0,0,0,0,0
Sardegna,Sassari,Porto Torres,CENSS4,SUBURBANA,INDUSTRIALE,8.393889,40.831944,2019,8334,0,6,0,1,2,5,8,17,38,83,1,0,0,0,0,0
Sardegna,Sassari,Porto Torres,CENPT1,URBANA,FONDO,8.405278,40.831389,2019,7938,0,9,0,1,3,6,11,24,50,79,1,0,0,0,0,2
Sardegna,Sassari,Sassari,CENS12,SUBURBANA,TRAFFICO,8.55139,40.71028,2019,8201,0,23,0,2,7,15,33,70,110,171,1,0,1,1,4,142
Sardegna,Sassari,Sassari,CENS16,URBANA,FONDO,8.57611,40.72444,2019,8218,0,11,0,1,4,7,12,33,72,134,1,0,0,1,0,14
Sardegna,Sassari,Sassari,CENSS2,RURALE,FONDO,8.275278,40.809167,2019,8242,0,2,0,0,1,1,3,6,19,36,1,0,0,0,0,0
Sardegna,Nuoro,Macomer,CENMA1,RURALE-NEARCITY,FONDO,8.773056,40.256389,2019,8035,0,6,0,0,1,3,7,21,54,92,1,0,0,0,0,0
Sardegna,Nuoro,Nuoro,CENNU2,URBANA,FONDO,9.32889,40.31889,2019,8264,0,12,0,1,4,9,16,33,61,99,1,0,0,1,0,12
Sardegna,Nuoro,Nuoro,CENNU1,URBANA,FONDO,9.321667,40.320556,2019,8348,0,19,0,1,6,13,28,56,82,112,1,0,0,1,3,91
Sardegna,Nuoro,Ottana,CENOT3,SUBURBANA,INDUSTRIALE,9.0325,40.23722,2019,8170,0,9,0,0,3,7,12,25,44,61,1,0,0,0,0,0
Sardegna,Nuoro,Siniscola,CENSN1,URBANA,FONDO,9.69444,40.575,2019,8236,0,9,0,1,3,6,11,29,57,99,1,0,0,0,0,1
Sardegna,Cagliari,Assemini,CENAS6,SUBURBANA,FONDO,8.983889,39.238333,2019,8298,0,10,0,1,4,8,13,24,38,67,1,0,0,0,0,1
Sardegna,Cagliari,Assemini,CENAS8,SUBURBANA,INDUSTRIALE,8.995833,39.226944,2019,7858,0,12,0,1,5,9,16,36,58,89,1,0,0,1,0,1
Sardegna,Cagliari,Assemini,CENAS9,URBANA,FONDO,9.011389,39.286389,2019,7809,0,16,0,3,7,12,21,42,67,106,1,0,0,1,0,44
Sardegna,Cagliari,Cagliari,CENCA1,URBANA,TRAFFICO,9.115,39.235833,2019,8309,0,26,0,6,13,22,36,61,86,107,1,0,1,1,4,189
Sardegna,Cagliari,Quartu Sant'Elena,CENQU1,URBANA,FONDO,9.188056,39.232778,2019,8319,0,12,0,2,5,8,15,36,68,98,1,0,0,1,0,16
Sardegna,Cagliari,Sarroch,CENSA2,SUBURBANA,INDUSTRIALE,9.016667,39.07,2019,8269,0,8,0,1,4,6,10,22,44,59,1,0,0,0,0,0
Sardegna,Cagliari,Sarroch,CENSA3,URBANA,FONDO,9.008889,39.066667,2019,8234,0,9,0,1,3,6,11,26,50,70,1,0,0,0,0,2
Sardegna,Cagliari,Monserrato,CENMO1,URBANA,FONDO,9.136389,39.260556,2019,8270,0,10,0,1,3,6,14,33,60,78,1,0,0,0,0,12
Sardegna,Oristano,Oristano,CENOR2,URBANA,FONDO,8.59472,39.90917,2019,7843,0,15,0,2,4,9,20,45,85,162,1,0,0,1,3,48
Sardegna,Oristano,Oristano,CENOR1,URBANA,FONDO,8.59778,39.89889,2019,7608,0,8,0,1,3,5,9,26,56,81,1,0,0,0,0,2
Sardegna,Oristano,Santa Giusta,CESGI1,URBANA,FONDO,8.605278,39.885278,2019,7930,0,10,0,2,4,7,12,28,53,94,1,0,0,0,0,1
Sardegna,Sud Sardegna,Carbonia,CENCB2,SUBURBANA,FONDO,8.521389,39.165556,2019,8331,0,6,0,1,2,4,6,17,40,61,1,0,0,0,0,0
Sardegna,Sud Sardegna,Gonnesa,CENNF1,SUBURBANA,FONDO,8.4325,39.224167,2019,7800,0,4,0,1,2,4,6,9,16,26,1,0,0,0,0,0
Sardegna,Sud Sardegna,Iglesias,CENIG1,URBANA,FONDO,8.541389,39.311111,2019,8233,0,4,0,0,2,3,6,13,27,46,1,0,0,0,0,0
Sardegna,Sud Sardegna,Nuraminis,CENNM1,RURALE,FONDO,9.015278,39.443611,2019,8127,0,7,0,1,3,5,8,18,36,58,1,0,0,0,0,0
Sardegna,Sud Sardegna,Portoscuso,CENPS4,SUBURBANA,FONDO,8.39,39.208611,2019,8104,0,4,0,0,1,2,5,14,30,45,1,0,0,0,0,0
Sardegna,Sud Sardegna,Portoscuso,CENPS6,SUBURBANA,INDUSTRIALE,8.43028,39.17722,2019,7939,0,3,0,0,1,2,4,8,17,39,1,0,0,0,0,0
Sardegna,Sud Sardegna,Portoscuso,CENPS7,SUBURBANA,FONDO,8.386111,39.203333,2019,8282,0,3,0,0,1,2,4,10,29,50,1,0,0,0,0,0
Sardegna,Sud Sardegna,San Gavino Monreale,CENSG3,URBANA,FONDO,8.79417,39.54667,2019,8354,0,11,0,2,5,8,13,31,68,104,1,0,0,1,0,26
Sardegna,Sud Sardegna,Seulo,CENSE0,RURALE-REMOTA,FONDO,9.216389,39.8425,2019,8323,0,1,0,0,0,1,1,1,3,4,1,0,0,0,0,0
,,,,,,,,2019,7565,0,22,0,2,8,17,32,57,91,123,1,0,1,1,7,118