regione,provincia,comune,nome_stazione,tipo_zona,tipo_stazione,Lon,Lat,anno,Numero di misurazioni effettuate nell'anno,sup50,sup45,Media annuale della concentrazione di PM10 in µg/m³,minimo,perc5,perc25,perc50,perc75,perc90.4,perc99.2,massimo,copertura,superamenti_ma,superamenti_media_mobile_20,superamenti_media_mobile_15,superamenti_giornalieri_PM10,superamenti_giornalieri_PM10_45
Piemonte,Torino,Borgaro Torinese,Borgaro T. - Caduti,SUBURBANA,FONDO,7.658,45.1546,2019,314,28,43,26,5,7,15,23,33,50,71,86,1,0,1,1,0,1
Piemonte,Torino,Druento,Druento - La Mandria,RURALE,FONDO,7.5602,45.1758,2019,355,10,13,19,5,5,10,17,25,36,64,93,1,0,0,1,0,0
Piemonte,Torino,Ivrea,Ivrea - Liberazione,SUBURBANA,FONDO,7.878,45.4512,2019,295,29,38,24,5,5,12,20,30,51,79,99,0,0,1,1,0,1
Piemonte,Torino,Oulx,Oulx - Roma,SUBURBANA,TRAFFICO,6.8359,45.0348,2019,345,0,1,15,5,5,8,13,20,27,39,47,1,0,0,0,0,0
Piemonte,Torino,Settimo Torinese,Settimo T. - Vivaldi,URBANA,TRAFFICO,7.7782,45.1432,2019,353,63,75,34,5,10,19,27,41,74,104,117,1,0,1,1,1,1
Piemonte,Torino,Susa,Susa - Repubblica,SUBURBANA,FONDO,7.0501,45.1391,2019,353,1,1,15,5,5,8,13,20,27,42,54,1,0,0,0,0,0
Piemonte,Torino,Torino,Torino - Consolata,URBANA,TRAFFICO,7.6782,45.0758,2019,351,45,58,28,5,8,14,24,37,59,84,100,1,0,1,1,1,1
Piemonte,Torino,Torino,Torino - Rebaudengo,URBANA,TRAFFICO,7.69534,45.10407,2019,350,71,84,34,3,11,19,26,42,68,102,115,1,0,1,1,1,1
Piemonte,Torino,Torino,Torino - Rubino,URBANA,FONDO,7.6259,45.0419,2019,309,42,50,28,5,8,16,23,35,59,86,87,0,0,1,1,1,1
Piemonte,Vercelli,Borgosesia,Borgosesia - Tonella,URBANA,FONDO,8.2835,45.7132,2019,361,9,13,19,4,6,11,16,23,34,56,62,1,0,0,1,0,0
Piemonte,Vercelli,Vercelli,Vercelli - Gastaldi,URBANA,TRAFFICO,8.4151,45.3284,2019,359,48,68,31,5,11,19,26,39,58,92,119,1,0,1,1,1,1
Piemonte,Vercelli,Vercelli,Vercelli - CONI,SUBURBANA,FONDO,8.4024,45.3189,2019,352,30,44,27,5,9,16,23,35,49,77,91,1,0,1,1,0,1
Piemonte,Novara,Cerano,Cerano - Bagno,SUBURBANA,FONDO,8.7861,45.4097,2019,358,37,45,27,5,9,17,23,34,52,87,96,1,0,1,1,1,1
Piemonte,Novara,Novara,Novara - Roma,URBANA,TRAFFICO,8.6197,45.4403,2019,343,25,40,27,5,9,17,23,32,49,75,91,1,0,1,1,0,1
Piemonte,Cuneo,Alba,Alba - Tanaro,URBANA,FONDO,8.0333,44.7037,2019,358,24,38,26,5,7,17,23,33,46,68,72,1,0,1,1,0,1
Piemonte,Cuneo,Cuneo,Cuneo - Alpini,URBANA,FONDO,7.5382,44.3818,2019,364,3,10,17,5,5,11,16,21,30,49,55,1,0,0,1,0,0
Piemonte,Cuneo,Saliceto,Saliceto - Moizo,RURALE,FONDO,8.1695,44.4122,2019,347,11,18,22,5,7,14,20,26,38,61,65,1,0,1,1,0,0
Piemonte,Asti,Asti,Asti - D'Acquisto,URBANA,FONDO,8.2055,44.9089,2019,321,39,45,29,5,10,18,25,36,57,75,84,1,0,1,1,1,1
Piemonte,Asti,Asti,Asti - Baussano,URBANA,TRAFFICO,8.1975,44.8942,2019,354,58,65,30,6,11,18,24,38,61,85,90,1,0,1,1,1,1
Piemonte,Asti,Vinchio,Vinchio - San Michele,RURALE,FONDO,8.3103,44.808,2019,344,15,32,21,5,6,11,18,27,44,72,76,1,0,1,1,0,0
Piemonte,Alessandria,Alessandria,Alessandria - D'Annunzio,URBANA,TRAFFICO,8.612,44.9066,2019,359,66,77,35,5,13,22,29,42,63,103,124,1,0,1,1,1,1
Piemonte,Alessandria,Alessandria,Alessandria - Volta,URBANA,FONDO,8.6232,44.9203,2019,361,50,62,29,5,9,16,23,35,56,85,107,1,0,1,1,1,1
Piemonte,Alessandria,Casale Monferrato,Casale M.to - Castello,URBANA,FONDO,8.4452,45.1361,2019,239,23,29,25,3,7,13,21,31,50,78,84,0,0,1,1,0,0
Piemonte,Alessandria,Dernice,Dernice - Costa,RURALE,FONDO,9.0524,44.7633,2019,354,1,2,12,5,5,5,10,16,23,38,69,1,0,0,0,0,0
Piemonte,Biella,Biella,Biella - Sturzo,URBANA,FONDO,8.0564,45.5588,2019,357,4,9,15,5,5,8,13,20,29,56,69,1,0,0,0,0,0
Piemonte,Biella,Cossato,Cossato - Pace,URBANA,FONDO,8.1876,45.569,2019,288,5,10,20,5,7,13,18,24,33,58,74,0,0,0,1,0,0
Piemonte,Verbano-Cusio-Ossola,Verbania,Verbania - Gabardi,URBANA,FONDO,8.5655,45.9303,2019,356,1,3,14,5,5,8,12,17,24,40,51,1,0,0,0,0,0
Valle d'Aosta,Aosta,Aosta,AOSTA (PIAZZA PLOUVES),URBANA,FONDO,7.32417,45.73583,2019,364,1,1,15,0,3,9,14,20,28,45,51,1,0,0,0,0,0
Valle d'Aosta,Aosta,Aosta,Aosta Liconi,URBANA,FONDO,7.30433,45.73444,2019,356,0,4,15,0,3,8,14,20,30,46,49,1,0,0,0,0,0
Valle d'Aosta,Aosta,Aosta,AOSTA I maggio,SUBURBANA,INDUSTRIALE,7.32189,45.7324,2019,361,6,9,20,0,3,10,19,28,37,53,58,1,0,0,1,0,0
Valle d'Aosta,Aosta,Donnas,DONNAS,RURALE,FONDO,7.76643,45.5966,2019,364,3,6,13,0,1,7,11,18,25,49,75,1,0,0,0,0,0
Lombardia,Varese,Busto Arsizio,BUSTO ARSIZIO - ACCAM,SUBURBANA,FONDO,8.83449244,45.58288714,2019,355,31,39,23,2,6,12,19,27,48,76,90,1,0,1,1,0,1
Lombardia,Varese,Ferno,FERNO,URBANA,FONDO,8.75,45.61667,2019,365,26,33,24,2,6,14,20,30,44,75,101,1,0,1,1,0,0
Lombardia,Varese,Saronno,SARONNO - SANTUARIO,URBANA,FONDO,9.024167,45.626944,2019,365,39,49,27,0,8,16,23,33,52,85,102,1,0,1,1,1,1
Lombardia,Varese,Varese,VARESE - VIA COPELLI,URBANA,TRAFFICO,8.820278,45.816944,2019,356,18,24,24,4,8,14,20,30,42,71,96,1,0,1,1,0,0
Lombardia,Como,Cantù,CANTU - VIA MEUCCI,SUBURBANA,FONDO,9.12583,45.72722,2019,356,20,33,22,3,6,13,18,29,43,68,112,1,0,1,1,0,0
Lombardia,Como,Como,COMO - VIALE CATTANEO,URBANA,TRAFFICO,9.08361,45.80444,2019,343,27,39,26,2,8,15,22,33,47,74,94,1,0,1,1,0,1
Lombardia,Como,Erba,ERBA- Via Battisti,URBANA,FONDO,9.222778,45.809444,2019,362,16,23,21,2,5,11,17,26,40,67,83,1,0,1,1,0,0
Lombardia,Sondrio,Bormio,BORMIO,URBANA,FONDO,10.3725,46.470278,2019,362,0,0,12,0,2,7,10,15,23,36,41,1,0,0,0,0,0
Lombardia,Sondrio,Morbegno,MORBEGNO,URBANA,FONDO,9.56639,46.13167,2019,358,9,14,19,0,6,11,16,23,33,60,72,1,0,0,1,0,0
Lombardia,Sondrio,Sondrio,SONDRIO - VIA MAZZINI,URBANA,TRAFFICO,9.870556,46.167222,2019,341,6,12,20,0,6,11,17,26,38,61,69,1,0,0,1,0,0
Lombardia,Sondrio,Sondrio,SONDRIO - VIA PARIBELLI,URBANA,FONDO,9.88028,46.16861,2019,360,10,15,21,3,7,12,18,27,37,59,75,1,0,1,1,0,0
Lombardia,Milano,Cassano d'Adda,CASSANO VIA MILANO,URBANA,TRAFFICO,9.503333,45.528056,2019,348,56,73,32,6,12,19,27,42,62,103,111,1,0,1,1,1,1
Lombardia,Milano,Magenta,MAGENTA,URBANA,TRAFFICO,8.8925,45.4675,2019,358,55,63,30,7,9,17,24,37,62,91,111,1,0,1,1,1,1
Lombardia,Milano,Milano,MILANO - V.LE MARCHE,URBANA,TRAFFICO,9.191389,45.495556,2019,364,75,92,35,4,12,20,28,45,68,105,123,1,0,1,1,1,1
Lombardia,Milano,Milano,MILANO - VERZIERE,URBANA,TRAFFICO,9.195833,45.462778,2019,335,47,61,29,3,10,17,24,38,55,89,107,1,0,1,1,1,1
Lombardia,Milano,Milano,MILANO - SENATO,URBANA,TRAFFICO,9.198056,45.469722,2019,359,68,81,34,8,12,20,29,41,63,96,109,1,0,1,1,1,1
Lombardia,Milano,Milano,MILANO PASCAL CITT� STUDI,URBANA,FONDO,9.23583,45.47833,2019,341,50,59,29,4,10,17,23,35,60,92,108,1,0,1,1,1,1
Lombardia,Milano,Pioltello,LIMITO,URBANA,FONDO,9.3275,45.482778,2019,338,56,68,31,0,10,18,25,39,66,96,111,1,0,1,1,1,1
Lombardia,Milano,Turbigo,TURBIGO,URBANA,FONDO,8.73667,45.52583,2019,354,29,41,25,0,7,15,21,31,48,77,102,1,0,1,1,0,1
Lombardia,Bergamo,Bergamo,BERGAMO - VIA MEUCCI,URBANA,FONDO,9.643889,45.690278,2019,364,29,39,26,3,9,15,22,34,48,83,92,1,0,1,1,0,1
Lombardia,Bergamo,Bergamo,BERGAMO - VIA GARIBALDI,URBANA,TRAFFICO,9.661667,45.695687,2019,358,28,43,27,4,10,17,23,35,47,78,93,1,0,1,1,0,1
Lombardia,Bergamo,Calusco d'Adda,CALUSCO,SUBURBANA,FONDO,9.466667,45.683333,2019,360,23,32,24,4,7,14,20,30,44,69,87,1,0,1,1,0,0
Lombardia,Bergamo,Casirate d'Adda,CASIRATE D'ADDA,RURALE,FONDO,9.556389,45.4975,2019,327,43,57,30,5,10,18,25,38,56,85,92,1,0,1,1,1,1
Lombardia,Bergamo,Dalmine,DALMiNE - Via Verdi,URBANA,FONDO,9.61472,45.64389,2019,312,29,39,29,2,9,18,25,36,49,83,90,0,0,1,1,0,1
Lombardia,Bergamo,Filago,FILAGO,URBANA,FONDO,9.55639,45.63306,2019,300,45,57,31,2,9,18,25,40,60,95,113,0,0,1,1,1,1
Lombardia,Bergamo,Osio Sotto,OSIO SOTTO,SUBURBANA,FONDO,9.6115435,45.62058256,2019,359,31,42,27,2,9,16,22,34,47,80,95,1,0,1,1,0,1
Lombardia,Bergamo,Treviglio,TREVIGLIO,URBANA,TRAFFICO,9.591389,45.518333,2019,360,46,59,30,5,10,18,25,38,60,92,105,1,0,1,1,1,1
Lombardia,Brescia,Brescia,BRESCIA - BROLETTO,URBANA,TRAFFICO,10.22361,45.54083,2019,340,37,50,29,5,11,18,25,37,52,92,111,1,0,1,1,1,1
Lombardia,Brescia,Brescia,BRESCIA VILLAGGIO SERENO,URBANA,FONDO,10.219444,45.515278,2019,346,54,73,33,5,13,20,30,42,58,90,103,1,0,1,1,1,1
Lombardia,Brescia,Darfo Boario Terme,DARFO_2,SUBURBANA,FONDO,10.1775,45.873889,2019,330,32,46,30,6,12,20,27,37,50,83,86,1,0,1,1,0,1
Lombardia,Brescia,Odolo,ODOLO,SUBURBANA,FONDO,10.38583,45.63944,2019,344,46,68,31,0,11,19,28,41,53,83,98,1,0,1,1,1,1
Lombardia,Brescia,Rezzato,REZZATO,SUBURBANA,INDUSTRIALE,10.313056,45.504722,2019,336,78,96,37,2,10,20,32,48,74,109,130,1,0,1,1,1,1
Lombardia,Brescia,Sarezzo,SAREZZO,URBANA,INDUSTRIALE,10.20083,45.655,2019,346,19,28,24,4,9,15,21,30,42,75,90,1,0,1,1,0,0
Lombardia,Pavia,Mezzana Bigli,MEZZANA BIGLI - CASONI BORRONI,RURALE,INDUSTRIALE,8.86889,45.06833,2019,323,35,42,24,1,5,11,19,30,52,84,97,1,0,1,1,0,1
Lombardia,Pavia,Parona,PARONA,URBANA,INDUSTRIALE,8.75472,45.28111,2019,326,43,60,29,5,9,16,23,36,54,85,101,1,0,1,1,1,1
Lombardia,Pavia,Pavia,PAVIA - VIA FOLPERTI,URBANA,FONDO,9.164722,45.193889,2019,341,44,58,29,1,8,16,25,37,55,91,107,1,0,1,1,1,1
Lombardia,Pavia,Pavia,PAVIA - P.ZZA MINERVA,URBANA,TRAFFICO,9.146944,45.185556,2019,358,67,83,36,8,12,22,30,44,65,98,116,1,0,1,1,1,1
Lombardia,Pavia,Sannazzaro de' Burgondi,SANNAZZARO,URBANA,INDUSTRIALE,8.90556,45.10167,2019,346,43,57,28,6,9,16,24,35,54,85,99,1,0,1,1,1,1
Lombardia,Pavia,Vigevano,VIGEVANO - VIA VALLETTA,URBANA,FONDO,8.845833,45.304444,2019,358,45,63,29,4,9,17,25,38,55,78,92,1,0,1,1,1,1
Lombardia,Pavia,Voghera,VOGHERA - VIA POZZONI,URBANA,FONDO,9.009444,45.000278,2019,349,30,43,27,6,9,16,23,32,49,72,103,1,0,1,1,0,1
Lombardia,Cremona,Crema,CREMA,SUBURBANA,FONDO,9.705,45.36722,2019,360,71,84,34,2,10,20,28,44,66,89,95,1,0,1,1,1,1
Lombardia,Cremona,Cremona,CREMONA - P.ZZA CADORNA,URBANA,TRAFFICO,10.016667,45.132778,2019,339,65,81,33,5,9,18,28,43,68,93,104,1,0,1,1,1,1
Lombardia,Cremona,Cremona,CREMONA VIA FATEBENEFRATELLI,URBANA,FONDO,10.045833,45.142222,2019,341,62,77,35,4,11,22,30,44,67,93,106,1,0,1,1,1,1
Lombardia,Cremona,Soresina,SORESINA,SUBURBANA,TRAFFICO,9.864167,45.284722,2019,341,77,94,36,5,12,24,32,48,66,85,104,1,0,1,1,1,1
Lombardia,Cremona,Spinadesco,SPINADESCO,RURALE,INDUSTRIALE,9.940278,45.148333,2019,357,75,93,36,4,11,23,30,46,66,92,108,1,0,1,1,1,1
Lombardia,Mantova,Mantova,MANTOVA - VIA ARIOSTO,URBANA,INDUSTRIALE,10.803333,45.144444,2019,354,53,69,31,3,9,17,26,38,59,91,102,1,0,1,1,1,1
Lombardia,Mantova,Mantova,MANTOVA SANT'AGNESE,URBANA,FONDO,10.795556,45.160556,2019,349,52,76,31,4,9,16,25,42,58,90,109,1,0,1,1,1,1
Lombardia,Mantova,Mantova,MANTOVA - piazza GRAMSCI,URBANA,TRAFFICO,10.78194,45.16444,2019,365,62,78,31,4,10,17,25,39,62,99,122,1,0,1,1,1,1
Lombardia,Mantova,Ponti sul Mincio,PONTI SUL MINCIO,SUBURBANA,FONDO,10.69194,45.41083,2019,359,40,47,27,4,8,15,22,34,55,90,99,1,0,1,1,1,1
Lombardia,Mantova,Schivenoglia,SCHIVENOGLIA,RURALE,FONDO,11.07083,44.99694,2019,340,46,57,30,5,10,18,26,38,56,90,107,1,0,1,1,1,1
Lombardia,Mantova,Borgocarbonara,BORGOFRANCO,RURALE,FONDO,11.20444,45.05139,2019,340,49,60,30,0,7,18,26,40,56,94,102,1,0,1,1,1,1
Lombardia,Lecco,Lecco,LECCO VIA AMENDOLA,URBANA,TRAFFICO,9.395833,45.849444,2019,358,19,23,22,0,4,13,19,28,39,70,80,1,0,1,1,0,0
Lombardia,Lecco,Lecco,LECCO VIA SORA,URBANA,FONDO,9.395833,45.849444,2019,356,6,11,17,0,5,10,15,22,31,63,71,1,0,0,1,0,0
Lombardia,Lecco,Merate,MERATE,URBANA,TRAFFICO,9.40619194,45.69795956,2019,352,38,54,30,4,11,18,26,38,54,83,104,1,0,1,1,1,1
Lombardia,Lecco,Moggio,MOGGIO,RURALE,FONDO,9.496944,45.913056,2019,351,1,4,14,0,2,5,11,19,28,47,51,1,0,0,0,0,0
Lombardia,Lecco,Valmadrera,VALMADRERA,SUBURBANA,FONDO,9.34889,45.84083,2019,363,20,27,20,4,6,11,16,25,38,75,85,1,0,0,1,0,0
Lombardia,Lodi,Bertonico,BERTONICO,RURALE,FONDO,9.66694,45.235,2019,354,47,60,29,2,9,17,24,36,56,82,92,1,0,1,1,1,1
Lombardia,Lodi,Codogno,CODOGNO,URBANA,TRAFFICO,9.698333,45.158611,2019,347,76,90,36,5,13,21,31,45,70,103,112,1,0,1,1,1,1
Lombardia,Lodi,Lodi,LODI Vignati,URBANA,TRAFFICO,9.485556,45.305278,2019,346,59,72,29,3,8,14,23,39,59,94,100,1,0,1,1,1,1
Lombardia,Lodi,Lodi,LODI S.ALBERTO,URBANA,FONDO,9.49528589,45.30278678,2019,346,46,62,29,5,10,18,25,37,55,87,94,1,0,1,1,1,1
Lombardia,Lodi,San Rocco al Porto,SAN ROCCO AL PORTO,SUBURBANA,FONDO,9.71389,45.08199189,2019,362,43,54,28,2,8,16,23,34,53,87,93,1,0,1,1,1,1
Lombardia,Lodi,Tavazzano con Villavesco,TAVAZZANO,SUBURBANA,FONDO,9.414722,45.329444,2019,361,50,65,29,5,10,17,24,37,57,86,93,1,0,1,1,1,1
Lombardia,Monza e della Brianza,Meda,MEDA,URBANA,TRAFFICO,9.15694,45.66083,2019,331,51,63,30,4,9,17,25,38,59,90,101,1,0,1,1,1,1
Lombardia,Monza e della Brianza,Monza,MONZA - VIA  MACHIAVELLI,URBANA,FONDO,9.27444,45.58111,2019,345,46,59,29,1,9,18,24,37,58,90,111,1,0,1,1,1,1
Lombardia,Monza e della Brianza,Monza,MONZA PARCO,SUBURBANA,FONDO,9.27611,45.60222,2019,313,32,45,26,0,8,14,21,32,51,77,100,1,0,1,1,0,1
Trentino-Alto Adige,Bolzano,Bolzano,BZ5 Bolzano,URBANA,TRAFFICO,11.33997,46.49547,2019,359,0,0,16,2,5,10,14,20,27,38,43,1,0,0,1,0,0
Trentino-Alto Adige,Bolzano,Bressanone,BX1 Bressanone,URBANA,FONDO,11.65408,46.71492,2019,365,1,2,15,2,5,10,13,19,29,43,68,1,0,0,0,0,0
Trentino-Alto Adige,Bolzano,Brunico,BR1 Brunico,URBANA,FONDO,11.94403,46.79735,2019,363,0,1,12,2,3,7,10,17,24,35,50,1,0,0,0,0,0
Trentino-Alto Adige,Bolzano,Laces,LA1 Laces,URBANA,FONDO,10.85906,46.61947,2019,364,0,2,15,1,2,9,13,20,28,44,46,1,0,0,0,0,0
Trentino-Alto Adige,Bolzano,Merano,ME1 Merano,URBANA,TRAFFICO,11.16163,46.662,2019,361,1,3,17,2,5,11,15,22,29,45,61,1,0,0,1,0,0
Trentino-Alto Adige,Trento,Borgo Valsugana,BORGO VAL,SUBURBANA,FONDO,11.45389,46.05184,2019,357,13,21,23,4,7,13,20,29,41,64,74,1,0,1,1,0,0
Trentino-Alto Adige,Trento,Riva del Garda,RIVA GAR,SUBURBANA,FONDO,10.84449,45.89147,2019,351,5,8,18,0,6,11,16,23,29,57,73,1,0,0,1,0,0
Trentino-Alto Adige,Trento,Rovereto,ROVERETO LGP,URBANA,FONDO,11.03941,45.89244,2019,365,1,4,16,3,5,10,15,20,27,46,65,1,0,0,1,0,0
Trentino-Alto Adige,Trento,Trento,TRENTO PSC,URBANA,FONDO,11.1262,46.06293,2019,365,0,2,19,1,6,12,17,24,31,45,50,1,0,0,1,0,0
Trentino-Alto Adige,Trento,Trento,TRENTO VBZ,URBANA,TRAFFICO,11.11023,46.10434,2019,356,3,12,22,2,7,14,21,28,37,51,63,1,0,1,1,0,0
Trentino-Alto Adige,Trento,Vallelaghi,MONTE GAZA,RURALE,FONDO,10.95804,46.08253,2019,358,0,0,10,3,3,4,7,13,21,33,38,1,0,0,0,0,0
Veneto,Verona,Bosco Chiesanuova,BOSCOCHIESANUOVA,RURALE,FONDO,11.03778,45.59,2019,353,4,7,16,2,2,8,14,20,27,53,85,1,0,0,1,0,0
Veneto,Verona,Legnago,LEGNAGO,URBANA,FONDO,11.311389,45.183611,2019,353,60,72,31,2,8,16,24,39,64,105,120,1,0,1,1,1,1
Veneto,Verona,San Bonifacio,SAN BONIFACIO,URBANA,TRAFFICO,11.28611,45.4,2019,342,54,67,31,4,9,17,26,37,62,110,126,1,0,1,1,1,1
Veneto,Verona,Verona,VR - Borgo Milano,URBANA,TRAFFICO,10.96389,45.44528,2019,349,59,73,33,4,10,17,25,40,69,127,140,1,0,1,1,1,1
Veneto,Verona,Verona,VR- Giarol Grande,URBANA,FONDO,11.030096,45.43301,2019,358,48,60,30,2,9,17,27,37,58,98,111,1,0,1,1,1,1
Veneto,Vicenza,Schio,SCHIO,URBANA,FONDO,11.368611,45.714444,2019,362,24,33,24,5,8,14,20,27,41,88,128,1,0,1,1,0,0
Veneto,Vicenza,Vicenza,VI - Quartiere Italia,URBANA,FONDO,11.539722,45.560556,2019,363,59,72,33,6,11,18,26,41,64,119,147,1,0,1,1,1,1
Veneto,Vicenza,Vicenza,VI - San Felice,URBANA,TRAFFICO,11.53417,45.54583,2019,161,47,53,39,4,10,19,31,56,77,121,150,0,0,1,1,1,1
Veneto,Belluno,Belluno,BL - Parco Citt� di Bologna,URBANA,FONDO,12.216944,46.141389,2019,360,4,10,17,2,4,9,15,23,33,53,67,1,0,0,1,0,0
Veneto,Belluno,Belluno,BL - La Cerva,URBANA,TRAFFICO,12.21278,46.14376,2019,363,8,14,22,5,10,14,19,29,37,56,71,1,0,1,1,0,0
Veneto,Belluno,Feltre,AREA FELTRINA,SUBURBANA,FONDO,11.905833,46.030833,2019,355,30,42,23,2,5,11,17,30,47,73,91,1,0,1,1,0,1
Veneto,Belluno,Alpago,PIEVE D'ALPAGO,RURALE,FONDO,12.360833,46.1625,2019,365,2,2,13,2,2,7,11,16,23,41,76,1,0,0,0,0,0
Veneto,Treviso,Conegliano,CONEGLIANO,URBANA,FONDO,12.308056,45.890556,2019,361,19,26,24,2,7,15,20,28,39,86,125,1,0,1,1,0,0
Veneto,Treviso,Mansuè,MANSUE',RURALE,FONDO,12.510278,45.836944,2019,358,50,58,29,2,8,15,22,36,59,119,167,1,0,1,1,1,1
Veneto,Treviso,Treviso,TV - Via Lancieri di Novara,URBANA,FONDO,12.238611,45.6725,2019,365,54,66,31,2,8,15,23,38,63,116,163,1,0,1,1,1,1
Veneto,Treviso,Treviso,TV - Strada S. Agnese,URBANA,TRAFFICO,12.2161,45.65877,2019,364,62,77,32,2,10,17,25,42,64,111,160,1,0,1,1,1,1
Veneto,Venezia,Venezia,VE - Sacca Fisola,URBANA,FONDO,12.313889,45.429444,2019,364,57,75,34,4,11,20,28,39,63,122,146,1,0,1,1,1,1
Veneto,Venezia,Venezia,VE - Parco Bissuola,URBANA,FONDO,12.262222,45.499167,2019,365,57,66,30,4,8,15,23,36,59,115,165,1,0,1,1,1,1
Veneto,Venezia,Venezia,VE - Via Tagliamento,URBANA,TRAFFICO,12.21833,45.49028,2019,365,68,78,34,5,11,19,27,41,73,112,160,1,0,1,1,1,1
Veneto,Venezia,Venezia,VE - Malcontenta,SUBURBANA,INDUSTRIALE,12.205556,45.438333,2019,362,68,81,34,7,10,19,26,41,69,115,158,1,0,1,1,1,1
Veneto,Padova,Cinto Euganeo,PARCO COLLI EUGANEI,RURALE,FONDO,11.643056,45.29,2019,360,43,54,27,4,8,14,21,32,57,105,121,1,0,1,1,1,1
Veneto,Padova,Este,ESTE,SUBURBANA,INDUSTRIALE,11.665833,45.226667,2019,354,50,58,28,2,8,14,21,36,62,103,112,1,0,1,1,1,1
Veneto,Padova,Padova,PD - Mandria,URBANA,FONDO,11.841944,45.371944,2019,357,61,73,32,5,9,16,24,40,67,118,131,1,0,1,1,1,1
Veneto,Padova,Padova,PD - Arcella,URBANA,TRAFFICO,11.89056,45.43333,2019,356,65,78,35,2,7,19,28,43,72,133,156,1,0,1,1,1,1
Veneto,Padova,Padova,PD - Granze,URBANA,INDUSTRIALE,11.94,45.3775,2019,355,70,87,37,4,12,21,30,45,71,122,131,1,0,1,1,1,1
Veneto,Padova,Santa Giustina in Colle,ALTA PADOVANA,RURALE,FONDO,11.902222,45.600278,2019,349,63,77,33,5,10,16,25,41,69,126,139,1,0,1,1,1,1
Veneto,Rovigo,Adria,ADRIA,URBANA,FONDO,12.06194,45.04667,2019,361,39,46,27,2,8,14,22,33,53,90,113,1,0,1,1,1,1
Veneto,Rovigo,Badia Polesine,BADIA POLESINE,RURALE,FONDO,11.553333,45.103889,2019,357,56,71,33,4,11,18,26,39,67,108,114,1,0,1,1,1,1
Veneto,Rovigo,Rovigo,RO - Borsea,URBANA,FONDO,11.791111,45.039722,2019,356,55,70,32,4,11,17,25,39,63,99,121,1,0,1,1,1,1
Veneto,Rovigo,Rovigo,RO - Largo Martiri,URBANA,TRAFFICO,11.78333,45.07472,2019,356,69,78,34,6,11,19,26,42,73,110,131,1,0,1,1,1,1
Friuli Venezia Giulia,Udine,Bagnaria Arsa,Castions,RURALE,FONDO,13.30197,45.84208,2019,346,20,31,23,5,8,14,19,27,44,88,111,1,0,1,1,0,0
Friuli Venezia Giulia,Udine,Malborghetto Valbruna,Ugovizza,SUBURBANA,FONDO,13.47479,46.51005,2019,337,0,0,10,0,2,6,10,14,18,26,35,1,0,0,0,0,0
Friuli Venezia Giulia,Udine,Osoppo,Osoppo,SUBURBANA,INDUSTRIALE,13.06689,46.22101,2019,348,9,14,22,3,7,13,19,27,35,73,100,1,0,1,1,0,0
Friuli Venezia Giulia,Udine,San Giovanni al Natisone,S.Giovanni al Natisone,SUBURBANA,FONDO,13.393333,45.973333,2019,344,11,12,18,1,5,9,15,22,35,89,98,1,0,0,1,0,0
Friuli Venezia Giulia,Udine,Tolmezzo,Tolmezzo,URBANA,FONDO,13.011111,46.401944,2019,337,2,2,14,3,5,8,12,17,24,41,73,1,0,0,0,0,0
Friuli Venezia Giulia,Udine,Torviscosa,Edison Torviscosa,SUBURBANA,FONDO,13.2714,45.82199,2019,341,17,24,21,4,6,12,17,25,39,82,104,1,0,1,1,0,0
Friuli Venezia Giulia,Udine,Torviscosa,Malisana,RURALE,INDUSTRIALE,13.26213,45.81078,2019,318,17,23,21,2,5,11,16,26,40,83,106,1,0,1,1,0,0
Friuli Venezia Giulia,Udine,Udine,V.Cairoli,URBANA,FONDO,13.24069,46.06612,2019,350,8,13,20,4,7,11,16,24,37,75,89,1,0,0,1,0,0
Friuli Venezia Giulia,Udine,Udine,S.Osvaldo,SUBURBANA,FONDO,13.2253,46.0351,2019,337,8,12,18,2,5,9,15,22,33,86,94,1,0,0,1,0,0
Friuli Venezia Giulia,Udine,Udine,Via S.Daniele,URBANA,TRAFFICO,13.22972,46.07083,2019,362,11,17,21,4,7,12,17,25,37,78,94,1,0,1,1,0,0
Friuli Venezia Giulia,Udine,Fiumicello Villa Vicentina,A2A Papariano,RURALE,INDUSTRIALE,13.42333,45.79944,2019,349,12,19,19,3,5,10,16,24,35,74,95,1,0,0,1,0,0
Friuli Venezia Giulia,Gorizia,Doberdò del Lago,A2A Doberdo',RURALE,INDUSTRIALE,13.54308,45.84299,2019,335,6,6,15,1,4,8,12,18,26,86,101,1,0,0,0,0,0
Friuli Venezia Giulia,Gorizia,Grado,A2A Fossalon,RURALE,FONDO,13.48636,45.73162,2019,347,6,10,16,2,5,9,13,19,31,66,74,1,0,0,1,0,0
Friuli Venezia Giulia,Gorizia,Monfalcone,Monfalcone,URBANA,FONDO,13.528889,45.81,2019,76,4,4,18,4,6,9,13,21,34,73,74,0,0,0,1,0,0
Friuli Venezia Giulia,Gorizia,Monfalcone,A2A Via Natisone,URBANA,INDUSTRIALE,13.52205,45.80518,2019,302,7,10,17,2,6,10,15,22,30,66,78,0,0,0,1,0,0
Friuli Venezia Giulia,Gorizia,Ronchi dei Legionari,A2A Vermegliano,RURALE,FONDO,13.50112,45.83643,2019,336,7,12,18,2,6,10,15,21,32,70,97,1,0,0,1,0,0
Friuli Venezia Giulia,Trieste,Trieste,Via Carpineto,SUBURBANA,FONDO,13.7875,45.623056,2019,318,10,16,19,2,5,10,16,24,37,79,110,1,0,0,1,0,0
Friuli Venezia Giulia,Trieste,Trieste,via Pitacco-ARPA,SUBURBANA,INDUSTRIALE,13.78026,45.62421,2019,328,12,14,20,3,6,11,17,24,35,75,90,1,0,0,1,0,0
Friuli Venezia Giulia,Trieste,Trieste,Basovizza,RURALE-NEARCITY,FONDO,13.85497,45.64731,2019,305,3,4,12,2,4,6,10,15,20,55,78,0,0,0,0,0,0
Friuli Venezia Giulia,Trieste,Trieste,piazza Volontari Giuliani,URBANA,TRAFFICO,13.78895,45.65439,2019,324,7,7,18,4,7,10,15,22,30,74,123,1,0,0,1,0,0
Friuli Venezia Giulia,Trieste,Trieste,piazza Carlo Alberto,URBANA,FONDO,13.75605,45.64232,2019,349,11,15,18,3,6,10,15,23,33,80,110,1,0,0,1,0,0
Friuli Venezia Giulia,Trieste,Trieste,Via del Ponticello,SUBURBANA,INDUSTRIALE,13.78376,45.62062,2019,348,17,23,23,3,6,12,20,31,42,82,103,1,0,1,1,0,0
Friuli Venezia Giulia,Trieste,Trieste,p.le Rosmini,URBANA,FONDO,13.766081,45.640486,2019,341,10,12,18,4,6,10,16,22,32,70,97,1,0,0,1,0,0
Friuli Venezia Giulia,Pordenone,Morsano al Tagliamento,Morsano,SUBURBANA,FONDO,12.9259,45.85693,2019,358,38,47,28,4,9,16,23,35,53,91,119,1,0,1,1,1,1
Friuli Venezia Giulia,Pordenone,Porcia,Porcia,URBANA,FONDO,12.61871,45.95767,2019,343,15,26,22,2,6,12,17,28,42,77,109,1,0,1,1,0,0
Friuli Venezia Giulia,Pordenone,Pordenone,Pordenone Centro 1,URBANA,TRAFFICO,12.65594,45.96262,2019,357,24,32,24,3,9,14,20,29,44,104,113,1,0,1,1,0,0
Friuli Venezia Giulia,Pordenone,Sacile,Sacile,SUBURBANA,TRAFFICO,12.50187,45.95089,2019,345,40,57,28,3,8,15,24,35,52,116,136,1,0,1,1,1,1
Liguria,Savona,Albenga,REGIONE CAVALLO - ALBENGA,URBANA,TRAFFICO,8.20544,44.05259,2019,338,1,6,22,4,9,15,20,28,35,46,72,1,0,1,1,0,0
Liguria,Savona,Cairo Montenotte,LOCALITA' FARINA - CAIRO MONTENOTTE,SUBURBANA,INDUSTRIALE,8.28068,44.38241,2019,321,6,14,22,5,8,15,20,27,37,52,76,1,0,1,1,0,0
Liguria,Savona,Cairo Montenotte,LOCALITA' MAZZUCCA - CAIRO MONTENOTTE,SUBURBANA,INDUSTRIALE,8.2838,44.38325,2019,338,4,8,22,4,8,15,20,27,35,51,76,1,0,1,1,0,0
Liguria,Savona,Cairo Montenotte,LOCALITA' BRAGNO - CAIRO MONTENOTTE,SUBURBANA,INDUSTRIALE,8.29868,44.37494,2019,340,5,14,21,6,9,13,18,24,39,54,76,1,0,1,1,0,0
Liguria,Savona,Cengio,CENGIO - RIO PARASACCO,RURALE-NEARCITY,FONDO,8.20604,44.39703,2019,342,0,1,13,1,4,8,12,16,22,35,49,1,0,0,0,0,0
Liguria,Savona,Quiliano,MERCATO GENERALE - QUILIANO,SUBURBANA,INDUSTRIALE,8.43169,44.28709,2019,348,4,4,21,2,7,14,20,26,33,51,58,1,0,1,1,0,0
Liguria,Savona,Savona,VIA SAN LORENZO - SAVONA,URBANA,TRAFFICO,8.47729,44.31306,2019,325,1,2,17,1,6,12,17,22,27,43,67,1,0,0,1,0,0
Liguria,Savona,Savona,VARALDO - SAVONA,URBANA,FONDO,8.48542,44.31538,2019,344,3,3,16,2,5,10,15,20,27,45,89,1,0,0,1,0,0
Liguria,Savona,Vado Ligure,VIA AURELIA - VIA FERRARIS - VADO L.,URBANA,TRAFFICO,8.43892,44.27253,2019,350,3,9,24,3,10,18,23,29,35,49,63,1,0,1,1,0,0
Liguria,Savona,Vado Ligure,VIA DE LITTA - VADO LIGURE,SUBURBANA,INDUSTRIALE,8.44565,44.26179,2019,357,2,3,20,4,9,14,19,25,30,45,58,1,0,0,1,0,0
Liguria,Genova,Busalla,PIAZZA GARIBALDI - BUSALLA,URBANA,TRAFFICO,8.94675,44.56945,2019,348,22,28,26,5,11,17,23,32,43,66,119,1,0,1,1,0,0
Liguria,Genova,Campomorone,CAMPORA - CAMPOMORONE,SUBURBANA,FONDO,8.87383,44.51859,2019,326,0,0,17,5,8,12,16,20,25,34,42,1,0,0,1,0,0
Liguria,Genova,Chiavari,VIA ASSAROTTI - CHIAVARI,URBANA,TRAFFICO,9.32356,44.31494,2019,337,0,1,17,2,7,12,17,21,26,38,47,1,0,0,1,0,0
Liguria,Genova,Genova,MULTEDO - PEGLI - GENOVA,URBANA,TRAFFICO,8.82598,44.4255,2019,341,0,0,20,4,10,16,20,24,28,40,43,1,0,0,1,0,0
Liguria,Genova,Genova,CORSO FIRENZE - GENOVA,URBANA,FONDO,8.92737,44.41816,2019,258,1,1,16,1,6,12,16,19,26,40,52,0,0,0,1,0,0
Liguria,Genova,Genova,QUARTO - GENOVA,URBANA,FONDO,8.99154,44.39489,2019,328,0,0,16,2,4,10,15,21,27,41,42,1,0,0,1,0,0
Liguria,Genova,Genova,CORSO EUROPA - VIA S. MARTINO - GENOVA,URBANA,TRAFFICO,8.96819,44.40492,2019,336,0,0,21,2,9,16,21,25,31,42,44,1,0,1,1,0,0
Liguria,Genova,Genova,CORSO BUENOS AIRES - GENOVA,URBANA,TRAFFICO,8.95013,44.40309,2019,341,2,2,20,2,9,15,19,23,28,38,61,1,0,0,1,0,0
Liguria,Genova,Genova,VIA BUOZZI - GENOVA,URBANA,TRAFFICO,8.91193,44.41394,2019,339,0,3,23,6,12,18,22,28,34,45,50,1,0,1,1,0,0
Liguria,Genova,Rapallo,CAMPO SPORTIVO MACERA - RAPALLO,URBANA,TRAFFICO,9.22261,44.35173,2019,361,0,3,23,5,11,17,22,28,33,44,48,1,0,1,1,0,0
Liguria,La Spezia,La Spezia,SAN CIPRIANO - LIBERTA - LA SPEZIA,URBANA,TRAFFICO,9.83211,44.11081,2019,354,1,1,21,5,9,15,21,27,33,41,54,1,0,1,1,0,0
Liguria,La Spezia,La Spezia,AMENDOLA - LA SPEZIA,URBANA,TRAFFICO,9.8187,44.10165,2019,352,0,1,19,3,9,14,18,23,28,39,46,1,0,0,1,0,0
Liguria,La Spezia,La Spezia,MAGGIOLINA - LA SPEZIA,URBANA,FONDO,9.84394,44.11603,2019,357,2,3,21,3,9,14,20,25,32,45,51,1,0,1,1,0,0
Liguria,La Spezia,La Spezia,FOSSAMASTRA - LA SPEZIA,URBANA,INDUSTRIALE,9.8577,44.10666,2019,323,0,0,18,3,8,13,17,22,29,37,42,1,0,0,1,0,0
Liguria,La Spezia,La Spezia,PIAZZA SAINT BON - LA SPEZIA,URBANA,TRAFFICO,9.81587,44.11013,2019,359,0,2,18,2,7,13,17,21,28,44,49,1,0,0,1,0,0
Liguria,La Spezia,Santo Stefano di Magra,SANTO STEFANO MAGRA,SUBURBANA,TRAFFICO,9.91871,44.15466,2019,354,0,3,17,2,6,11,16,22,29,42,48,1,0,0,1,0,0
Liguria,La Spezia,Sarzana,LARGO PERTINI - SARZANA,URBANA,TRAFFICO,9.95503,44.11094,2019,345,0,0,16,1,5,11,15,20,26,36,45,1,0,0,1,0,0
Emilia-Romagna,Piacenza,Corte Brugnatella,CORTE BRUGNATELLA,RURALE,FONDO,9.36693,44.73473,2019,354,0,0,10,0,0,5,9,14,20,33,39,1,0,0,0,0,0
Emilia-Romagna,Piacenza,Lugagnano Val d'Arda,LUGAGNANO,SUBURBANA,FONDO,9.83028,44.82389,2019,352,9,16,22,0,6,14,20,27,38,57,76,1,0,1,1,0,0
Emilia-Romagna,Piacenza,Piacenza,GIORDANI FARNESE,URBANA,TRAFFICO,9.69333,45.04889,2019,352,48,67,30,0,9,18,25,38,60,92,97,1,0,1,1,1,1
Emilia-Romagna,Piacenza,Piacenza,PARCO MONTECUCCO,URBANA,FONDO,9.669167,45.038333,2019,354,32,45,27,4,10,17,23,33,50,79,93,1,0,1,1,0,1
Emilia-Romagna,Parma,Colorno,SARAGAT,SUBURBANA,FONDO,10.370833,44.926111,2019,360,32,43,28,4,10,18,24,36,50,79,90,1,0,1,1,0,1
Emilia-Romagna,Parma,Langhirano,BADIA,RURALE,FONDO,10.288889,44.6575,2019,361,5,8,19,0,6,11,16,24,34,57,67,1,0,0,1,0,0
Emilia-Romagna,Parma,Parma,CITTADELLA,URBANA,FONDO,10.33167,44.79361,2019,357,39,51,30,1,11,20,28,38,53,82,101,1,0,1,1,1,1
Emilia-Romagna,Parma,Parma,MONTEBELLO,URBANA,TRAFFICO,10.33667,44.78833,2019,356,42,57,30,6,11,18,25,36,54,80,95,1,0,1,1,1,1
Emilia-Romagna,Reggio nell'Emilia,Castellarano,CASTELLARANO,SUBURBANA,FONDO,10.733889,44.516111,2019,361,23,31,24,0,8,15,20,29,43,66,87,1,0,1,1,0,0
Emilia-Romagna,Reggio nell'Emilia,Guastalla,SAN ROCCO,RURALE,FONDO,10.663889,44.873056,2019,358,41,52,29,3,9,18,26,37,54,83,93,1,0,1,1,1,1
Emilia-Romagna,Reggio nell'Emilia,Reggio nell'Emilia,S. LAZZARO,URBANA,FONDO,10.664722,44.690833,2019,360,32,40,27,2,9,16,22,33,48,82,89,1,0,1,1,0,1
Emilia-Romagna,Reggio nell'Emilia,Reggio nell'Emilia,TIMAVO,URBANA,TRAFFICO,10.622778,44.700278,2019,361,53,73,32,4,12,20,28,40,62,88,96,1,0,1,1,1,1
Emilia-Romagna,Reggio nell'Emilia,Villa Minozzo,FEBBIO,RURALE,FONDO,10.430278,44.299722,2019,356,0,0,10,0,2,5,8,13,18,31,34,1,0,0,0,0,0
Emilia-Romagna,Modena,Carpi,REMESINA,SUBURBANA,FONDO,10.88365,44.79943,2019,352,49,60,30,2,8,18,25,37,58,88,115,1,0,1,1,1,1
Emilia-Romagna,Modena,Fiorano Modenese,SAN FRANCESCO,URBANA,TRAFFICO,10.8189,44.54121,2019,352,48,62,33,2,13,22,29,40,57,87,94,1,0,1,1,1,1
Emilia-Romagna,Modena,Mirandola,GAVELLO,RURALE,FONDO,11.17795,44.92784,2019,352,45,52,29,3,9,17,24,37,58,93,98,1,0,1,1,1,1
Emilia-Romagna,Modena,Modena,GIARDINI,URBANA,TRAFFICO,10.90473,44.63605,2019,358,58,72,33,6,12,20,27,40,64,95,111,1,0,1,1,1,1
Emilia-Romagna,Modena,Modena,PARCO FERRARI,URBANA,FONDO,10.90633,44.65061,2019,362,47,59,30,5,10,18,25,37,55,90,104,1,0,1,1,1,1
Emilia-Romagna,Modena,Sassuolo,PARCO EDILCARANI,URBANA,FONDO,10.79139,44.53944,2019,358,32,41,25,2,9,15,21,31,49,74,94,1,0,1,1,0,1
Emilia-Romagna,Bologna,Bologna,GIARDINI MARGHERITA,URBANA,FONDO,11.355,44.48333,2019,351,23,32,22,1,6,12,18,28,42,71,77,1,0,1,1,0,0
Emilia-Romagna,Bologna,Bologna,PORTA SAN FELICE,URBANA,TRAFFICO,11.32833,44.49972,2019,357,32,38,26,2,9,16,22,30,50,73,84,1,0,1,1,0,1
Emilia-Romagna,Bologna,Bologna,VIA CHIARINI,SUBURBANA,FONDO,11.286111,44.5,2019,347,21,31,25,0,8,15,22,32,44,69,71,1,0,1,1,0,0
Emilia-Romagna,Bologna,Imola,DE AMICIS,URBANA,TRAFFICO,11.72028,44.35556,2019,360,20,27,23,1,7,14,20,27,42,66,76,1,0,1,1,0,0
Emilia-Romagna,Bologna,Molinella,SAN PIETRO CAPOFIUME,RURALE,FONDO,11.639444,44.662222,2019,355,31,39,24,0,6,14,21,31,47,78,89,1,0,1,1,0,1
Emilia-Romagna,Bologna,San Lazzaro di Savena,SAN LAZZARO,URBANA,TRAFFICO,11.41639,44.47222,2019,361,29,34,25,1,8,15,21,31,45,73,75,1,0,1,1,0,0
Emilia-Romagna,Bologna,Alto Reno Terme,CASTELLUCCIO,RURALE,FONDO,10.926111,44.15,2019,343,0,0,10,0,1,5,9,14,20,30,41,1,0,0,0,0,0
Emilia-Romagna,Ferrara,Cento,CENTO,SUBURBANA,FONDO,11.299722,44.738333,2019,334,41,50,27,1,7,14,22,34,56,85,113,1,0,1,1,1,1
Emilia-Romagna,Ferrara,Ferrara,ISONZO,URBANA,TRAFFICO,11.61306,44.8425,2019,362,60,74,32,3,12,18,25,40,61,108,113,1,0,1,1,1,1
Emilia-Romagna,Ferrara,Ferrara,VILLA FULVIA,URBANA,FONDO,11.649722,44.825,2019,363,44,49,26,1,7,14,21,32,56,94,101,1,0,1,1,1,1
Emilia-Romagna,Ferrara,Jolanda di Savoia,GHERARDI,RURALE,FONDO,11.961111,44.839722,2019,351,30,34,25,4,7,13,20,32,45,79,94,1,0,1,1,0,0
Emilia-Romagna,Ravenna,Cervia,DELTA CERVIA,SUBURBANA,FONDO,12.332222,44.283889,2019,357,28,37,26,4,9,16,23,33,48,71,79,1,0,1,1,0,1
Emilia-Romagna,Ravenna,Faenza,PARCO BERTOZZI,URBANA,FONDO,11.873396,44.285612,2019,351,20,29,24,6,10,15,20,29,42,67,73,1,0,1,1,0,0
Emilia-Romagna,Ravenna,Ravenna,ZALAMELLA,URBANA,TRAFFICO,12.18667,44.42861,2019,362,51,67,30,5,10,18,25,37,58,83,88,1,0,1,1,1,1
Emilia-Romagna,Ravenna,Ravenna,CAORLE,URBANA,FONDO,12.225556,44.42,2019,344,33,41,26,6,10,15,22,33,50,72,79,1,0,1,1,0,1
Emilia-Romagna,Forli'-Cesena,Cesena,FRANCHINI ANGELONI,URBANA,FONDO,12.239167,44.139167,2019,356,26,34,25,3,9,15,21,30,45,75,81,1,0,1,1,0,0
Emilia-Romagna,Forli'-Cesena,Forlì,ROMA,URBANA,TRAFFICO,12.056389,44.215,2019,356,37,50,27,1,9,17,22,32,53,82,87,1,0,1,1,1,1
Emilia-Romagna,Forli'-Cesena,Forlì,PARCO RESISTENZA,URBANA,FONDO,12.048889,44.219167,2019,354,23,32,22,0,7,12,18,27,43,72,79,1,0,1,1,0,0
Emilia-Romagna,Forli'-Cesena,Savignano sul Rubicone,SAVIGNANO,SUBURBANA,FONDO,12.4025,44.095833,2019,354,33,38,25,0,8,15,21,30,49,75,86,1,0,1,1,0,1
Emilia-Romagna,Forli'-Cesena,Sogliano al Rubicone,SAVIGNANO DI RIGO,RURALE,FONDO,12.224722,43.9275,2019,343,0,0,12,0,2,6,10,15,22,39,45,1,0,0,0,0,0
Emilia-Romagna,Rimini,Rimini,MARECCHIA,URBANA,FONDO,12.553333,44.0625,2019,345,41,48,29,3,11,18,25,36,53,82,88,1,0,1,1,1,1
Emilia-Romagna,Rimini,Rimini,FLAMINIA,URBANA,TRAFFICO,12.57556,44.05222,2019,345,43,55,30,4,13,18,25,38,54,78,88,1,0,1,1,1,1
Emilia-Romagna,Rimini,Verucchio,VERUCCHIO,SUBURBANA,FONDO,12.42,44.013056,2019,356,10,16,19,0,6,11,16,24,34,58,60,1,0,0,1,0,0
Emilia-Romagna,Rimini,San Leo,SAN LEO,RURALE,FONDO,12.401667,43.908056,2019,352,0,3,14,0,5,9,12,19,25,45,49,1,0,0,0,0,0
Toscana,Massa Carrara,Carrara,MS-COLOMBAROTTO,URBANA,FONDO,10.097222,44.078333,2019,345,0,1,19,4,7,13,18,24,30,42,46,1,0,0,1,0,0
Toscana,Massa Carrara,Massa,MS-MARINA-VECCHIA,URBANA,TRAFFICO,10.13276,44.0311,2019,354,1,5,19,4,9,14,18,23,29,47,51,1,0,0,1,0,0
Toscana,Lucca,Bagni di Lucca,LU-FORNOLI,URBANA,FONDO,10.55988,44.00555,2019,357,10,18,23,6,10,15,20,29,40,65,82,1,0,1,1,0,0
Toscana,Lucca,Capannori,LU-CAPANNORI,URBANA,FONDO,10.573889,43.840833,2019,361,38,53,28,4,11,15,20,32,52,129,144,1,0,1,1,1,1
Toscana,Lucca,Lucca,LU-MICHELETTO,URBANA,TRAFFICO,10.51222,43.84389,2019,351,21,33,26,6,11,17,21,31,45,83,107,1,0,1,1,0,0
Toscana,Lucca,Lucca,LU-SAN-CONCORDIO,URBANA,FONDO,10.50048,43.83281,2019,358,15,29,24,4,9,15,20,29,44,78,93,1,0,1,1,0,0
Toscana,Lucca,Viareggio,LU-VIAREGGIO,URBANA,FONDO,10.245,43.883889,2019,353,11,22,24,5,10,16,21,29,41,63,70,1,0,1,1,0,0
Toscana,Pistoia,Montale,PT-MONTALE,RURALE,FONDO,11.00694,43.91611,2019,334,20,26,24,4,8,14,19,28,44,89,139,1,0,1,1,0,0
Toscana,Pistoia,Pistoia,PT-SIGNORELLI,URBANA,FONDO,10.90528,43.94083,2019,357,6,14,19,1,6,11,16,24,32,55,80,1,0,0,1,0,0
Toscana,Firenze,Firenze,FI-MOSSE,URBANA,TRAFFICO,11.23139,43.78583,2019,345,10,15,21,1,7,13,18,26,37,70,82,1,0,1,1,0,0
Toscana,Firenze,Firenze,FI-GRAMSCI,URBANA,TRAFFICO,11.27222,43.77306,2019,347,13,25,27,9,14,20,25,31,41,70,83,1,0,1,1,0,0
Toscana,Firenze,Firenze,FI-BASSI,URBANA,FONDO,11.2875,43.78667,2019,354,5,8,18,3,7,11,16,23,31,58,79,1,0,0,1,0,0
Toscana,Firenze,Firenze,FI-BOBOLI,URBANA,FONDO,11.24917,43.76528,2019,358,4,7,18,3,7,12,16,21,30,52,64,1,0,0,1,0,0
Toscana,Firenze,Scandicci,FI-SCANDICCI,URBANA,FONDO,11.19278,43.75694,2019,356,12,15,21,2,8,13,17,24,36,67,85,1,0,1,1,0,0
Toscana,Firenze,Signa,FI-SIGNA,URBANA,FONDO,11.09778,43.79306,2019,361,15,22,22,3,7,13,18,24,40,96,117,1,0,1,1,0,0
Toscana,Firenze,Figline e Incisa Valdarno,FI-FIGLINE,URBANA,FONDO,11.46694,43.62303,2019,358,14,16,20,3,8,12,17,24,37,71,81,1,0,0,1,0,0
Toscana,Livorno,Livorno,LI-CAPPIELLO,URBANA,FONDO,10.321667,43.52,2019,345,0,0,17,5,9,13,16,21,27,38,44,1,0,0,1,0,0
Toscana,Livorno,Livorno,LI-CARDUCCI,URBANA,TRAFFICO,10.32972,43.55472,2019,356,1,7,23,8,12,18,22,28,34,48,54,1,0,1,1,0,0
Toscana,Livorno,Livorno,LI-LA-PIRA,URBANA,FONDO,10.3327,43.5689,2019,344,0,2,18,4,8,13,17,22,27,43,49,1,0,0,1,0,0
Toscana,Livorno,Piombino,LI-COTONE,SUBURBANA,INDUSTRIALE,10.534167,42.939167,2019,358,2,5,16,3,7,11,16,20,24,48,65,1,0,0,1,0,0
Toscana,Livorno,Piombino,LI-PIOMBINO-PARCO-VIII-MARZO,URBANA,FONDO,10.52417,42.93194,2019,355,2,4,18,3,8,14,17,21,25,47,58,1,0,0,1,0,0
Toscana,Pisa,Pisa,PI-PASSI,URBANA,FONDO,10.401667,43.738889,2019,353,11,15,22,5,8,14,19,26,36,67,76,1,0,1,1,0,0
Toscana,Pisa,Pisa,PI-BORGHETTO,URBANA,TRAFFICO,10.41056,43.71389,2019,358,15,20,25,7,10,17,22,30,41,74,84,1,0,1,1,0,0
Toscana,Pisa,Pomarance,PI-MONTECERBOLI,SUBURBANA,FONDO,10.881667,43.247778,2019,352,1,1,12,0,4,8,11,14,17,35,52,1,0,0,0,0,0
Toscana,Pisa,Santa Croce sull'Arno,PI-SANTA-CROCE-COOP,SUBURBANA,FONDO,10.771667,43.713056,2019,357,22,32,24,3,8,15,21,29,45,77,92,1,0,1,1,0,0
Toscana,Arezzo,Arezzo,AR-REPUBBLICA,URBANA,TRAFFICO,11.87667,43.4625,2019,348,11,22,23,4,9,15,21,28,40,69,77,1,0,1,1,0,0
Toscana,Arezzo,Arezzo,AR-ACROPOLI,URBANA,FONDO,11.88889,43.46111,2019,359,4,6,18,4,8,11,16,22,31,53,61,1,0,0,1,0,0
Toscana,Arezzo,Chitignano,AR-CASA-STABBI,RURALE,FONDO,11.90167,43.66028,2019,357,0,0,10,1,1,6,9,14,20,31,39,1,0,0,0,0,0
Toscana,Siena,Poggibonsi,SI-POGGIBONSI,URBANA,FONDO,11.14194,43.47278,2019,350,0,0,19,3,9,13,18,22,29,41,44,1,0,0,1,0,0
Toscana,Siena,Siena,SI-BRACCI,URBANA,TRAFFICO,11.325,43.3378,2019,358,1,2,18,4,8,13,17,22,29,43,55,1,0,0,1,0,0
Toscana,Grosseto,Grosseto,GR-SONNINO,URBANA,TRAFFICO,11.11,42.7625,2019,352,4,9,24,8,12,18,23,29,38,53,71,1,0,1,1,0,0
Toscana,Grosseto,Grosseto,GR-URSS,URBANA,FONDO,11.11917,42.77861,2019,354,2,2,17,4,8,12,16,20,26,40,56,1,0,0,1,0,0
Toscana,Prato,Prato,PO-FERRUCCI,URBANA,TRAFFICO,11.10528,43.87472,2019,359,24,31,25,4,9,15,22,30,44,96,120,1,0,1,1,0,0
Toscana,Prato,Prato,PO-ROMA,URBANA,FONDO,11.09194,43.87278,2019,357,21,34,23,3,8,13,19,27,45,109,135,1,0,1,1,0,0
Umbria,Perugia,Città di Castello,C Castello,URBANA,FONDO,12.245833,43.456944,2019,336,26,38,26,5,11,15,21,31,48,75,87,1,0,1,1,0,1
Umbria,Perugia,Foligno,PORTA ROMANA,URBANA,TRAFFICO,12.70778,42.95167,2019,356,19,28,24,6,10,15,20,27,44,78,90,1,0,1,1,0,0
Umbria,Perugia,Giano dell'Umbria,M Martani,RURALE,FONDO,12.56611,42.80472,2019,305,1,2,11,1,3,6,10,15,20,44,53,0,0,0,0,0,0
Umbria,Perugia,Gubbio,PIAZZA 40 MARTIRI,URBANA,TRAFFICO,12.57639,43.35278,2019,352,12,18,22,2,8,13,19,27,37,60,75,1,0,1,1,0,0
Umbria,Perugia,Gubbio,Ghigiano,SUBURBANA,INDUSTRIALE,12.611667,43.273889,2019,342,2,4,16,3,6,10,14,21,30,46,51,1,0,0,1,0,0
Umbria,Perugia,Gubbio,Leonardo da Vinci,SUBURBANA,INDUSTRIALE,12.557222,43.358333,2019,347,2,5,19,3,8,12,17,23,31,46,64,1,0,0,1,0,0
Umbria,Perugia,Gubbio,Padule,SUBURBANA,INDUSTRIALE,12.618611,43.317778,2019,341,0,6,16,3,6,10,14,20,28,47,49,1,0,0,1,0,0
Umbria,Perugia,Gubbio,Semonte Alta,SUBURBANA,INDUSTRIALE,12.546944,43.3675,2019,352,0,1,13,1,5,8,12,16,21,41,48,1,0,0,0,0,0
Umbria,Perugia,Magione,Magione,SUBURBANA,FONDO,12.205833,43.133056,2019,351,6,9,20,5,7,12,17,24,34,58,65,1,0,0,1,0,0
Umbria,Perugia,Perugia,CORTONESE,URBANA,FONDO,12.36611,43.10306,2019,322,10,14,24,6,10,16,22,28,38,62,67,1,0,1,1,0,0
Umbria,Perugia,Perugia,P.S.GIOVANNI,URBANA,TRAFFICO,12.44194,43.08889,2019,352,9,20,20,1,8,12,18,23,37,55,93,1,0,0,1,0,0
Umbria,Perugia,Perugia,FONTIVEGGE1,URBANA,TRAFFICO,12.37472,43.10444,2019,350,6,10,18,6,6,12,16,21,33,58,78,1,0,0,1,0,0
Umbria,Perugia,Spoleto,Piazza Vittoria,URBANA,FONDO,12.73722,42.73972,2019,361,0,1,16,5,8,11,15,18,25,39,46,1,0,0,1,0,0
Umbria,Perugia,Spoleto,S. Martino in Trignano,SUBURBANA,INDUSTRIALE,12.666389,42.743333,2019,324,18,28,26,4,11,18,24,31,43,63,95,1,0,1,1,0,0
Umbria,Perugia,Torgiano,BRUFA,RURALE,FONDO,12.46806,43.06694,2019,318,0,2,16,2,5,9,15,20,28,44,49,1,0,0,1,0,0
Umbria,Terni,Amelia,Amelia,URBANA,FONDO,12.419722,42.551944,2019,351,2,2,18,1,8,12,16,21,28,44,78,1,0,0,1,0,0
Umbria,Terni,Narni,Narni Scalo,SUBURBANA,FONDO,12.52194,42.53417,2019,319,22,31,25,1,10,15,22,31,45,71,78,1,0,1,1,0,0
Umbria,Terni,Orvieto,Ciconia2,SUBURBANA,FONDO,12.136667,42.737222,2019,346,1,1,16,5,8,12,14,18,23,37,71,1,0,0,1,0,0
Umbria,Terni,Terni,CARRARA,URBANA,TRAFFICO,12.65083,42.56,2019,357,22,29,26,6,12,17,22,29,44,74,83,1,0,1,1,0,0
Umbria,Terni,Terni,BORGO RIVO,URBANA,FONDO,12.62361,42.58194,2019,355,32,44,25,6,10,15,21,29,49,78,93,1,0,1,1,0,1
Umbria,Terni,Terni,Le Grazie,URBANA,FONDO,12.65167,42.55222,2019,359,32,44,28,9,12,18,24,32,49,86,102,1,0,1,1,0,1
Marche,Pesaro e Urbino,Fano,VIA MONTEGRAPPA,URBANA,TRAFFICO,13.01861,43.83972,2019,345,37,51,29,8,13,19,26,35,51,78,83,1,0,1,1,1,1
Marche,Pesaro e Urbino,Pesaro,VIA SCARPELLINI,SUBURBANA,FONDO,12.91889,43.89333,2019,358,36,55,33,12,17,23,30,38,50,78,87,1,0,1,1,1,1
Marche,Pesaro e Urbino,Urbino,URBINO - LOC.PIANSEVERO - Via Neruda,SUBURBANA,FONDO,12.63639,43.73056,2019,324,1,7,16,3,7,10,15,21,27,48,51,1,0,0,1,0,0
Marche,Ancona,Ancona,Ancona Cittadella,URBANA,FONDO,13.50861,43.61167,2019,317,7,14,21,5,9,13,18,26,35,60,68,1,0,1,1,0,0
Marche,Ancona,Ancona,LABORATORIO MOBILE,URBANA,INDUSTRIALE,13.4923,43.605898,2019,364,8,11,24,5,11,18,22,28,36,59,64,1,0,1,1,0,0
Marche,Ancona,Chiaravalle,CHIARAVALLE2,SUBURBANA,FONDO,13.34194,43.59889,2019,354,16,21,26,10,15,19,24,31,39,61,74,1,0,1,1,0,0
Marche,Ancona,Falconara Marittima,FALCONARA SCUOLA,SUBURBANA,INDUSTRIALE,13.3875,43.63333,2019,328,6,12,24,2,10,18,23,28,36,57,60,1,0,1,1,0,0
Marche,Ancona,Genga,Genga -Parco Gola della Rossa,RURALE-REGIONALE,FONDO,12.95222,43.46806,2019,342,5,8,22,7,12,17,21,26,32,54,57,1,0,1,1,0,0
Marche,Ancona,Jesi,JESI,URBANA,TRAFFICO,13.245,43.52694,2019,348,20,28,27,8,13,19,25,32,42,71,85,1,0,1,1,0,0
Marche,Macerata,Civitanova Marche,Civitanova IPPODROMO S. MARONE,RURALE,FONDO,13.67472,43.33556,2019,338,0,0,15,7,8,11,14,18,24,33,39,1,0,0,0,0,0
Marche,Macerata,Macerata,Macerata COLLEVARIO,SUBURBANA,FONDO,13.42861,43.285,2019,354,3,5,19,7,11,15,18,23,28,48,53,1,0,0,1,0,0
Marche,Ascoli Piceno,Ascoli Piceno,MONTICELLI,URBANA,FONDO,13.61944,42.84861,2019,359,13,17,24,6,10,17,21,29,38,58,79,1,0,1,1,0,0
Marche,Ascoli Piceno,Montemonaco,MONTEMONACO,RURALE-REGIONALE,FONDO,13.33667,42.90056,2019,349,3,7,17,4,7,11,15,21,28,50,65,1,0,0,1,0,0
Marche,Ascoli Piceno,Ripatransone,RIPATRANSONE,RURALE-REGIONALE,FONDO,13.78472,42.99222,2019,316,1,4,19,1,7,13,18,25,32,47,58,1,0,0,1,0,0
Marche,Ascoli Piceno,San Benedetto del Tronto,San Benedetto del Tronto,URBANA,TRAFFICO,13.87944,42.94444,2019,338,23,31,26,4,10,17,23,34,41,69,98,1,0,1,1,0,0
Lazio,Viterbo,Acquapendente,ACQUAPENDENTE,RURALE,FONDO,11.87643,42.736572,2019,354,1,2,15,3,6,10,14,17,22,43,66,1,0,0,0,0,0
Lazio,Viterbo,Civita Castellana,Civita Castellana via Petrarca,URBANA,FONDO,12.413195,42.301812,2019,361,5,8,19,1,7,12,17,24,32,56,75,1,0,0,1,0,0
Lazio,Viterbo,Monte Romano,Monte Romano,SUBURBANA,FONDO,11.894315,42.268585,2019,361,2,4,16,2,6,11,15,19,24,46,82,1,0,0,1,0,0
Lazio,Viterbo,Viterbo,VITERBO,URBANA,TRAFFICO,12.109196,42.42212,2019,362,1,1,17,4,8,12,15,20,26,41,67,1,0,0,1,0,0
Lazio,Rieti,Leonessa,LEONESSA,RURALE,FONDO,12.962063,42.572591,2019,364,0,0,11,2,4,7,10,14,19,36,45,1,0,0,0,0,0
Lazio,Rieti,Rieti,RIETI,URBANA,TRAFFICO,12.857794,42.404687,2019,363,2,4,18,4,7,12,16,21,30,46,53,1,0,0,1,0,0
Lazio,Roma,Allumiere,ALLUMIERE,RURALE,FONDO,11.908954,42.157856,2019,360,2,2,12,0,3,7,10,15,20,45,90,1,0,0,0,0,0
Lazio,Roma,Allumiere,Allumiere Aldo Moro,RURALE,FONDO,11.900004,42.160966,2019,343,1,1,15,1,6,11,13,18,23,40,59,1,0,0,0,0,0
Lazio,Roma,Civitavecchia,CIVITAVECCHIA,URBANA,FONDO,11.802485,42.091593,2019,353,3,5,19,4,7,13,17,24,31,51,93,1,0,0,1,0,0
Lazio,Roma,Civitavecchia,Civitavecchia- Villa Albani,URBANA,TRAFFICO,11.79834,42.099296,2019,357,3,5,21,2,9,15,21,25,32,49,96,1,0,1,1,0,0
Lazio,Roma,Civitavecchia,Aurelia,RURALE,FONDO,11.793172,42.137309,2019,336,2,3,14,0,2,9,13,17,22,45,120,1,0,0,0,0,0
Lazio,Roma,Civitavecchia,S. Agostino,RURALE,FONDO,11.742706,42.159983,2019,317,7,9,17,0,3,11,16,20,26,59,129,1,0,0,1,0,0
Lazio,Roma,Civitavecchia,Fiumaretta,URBANA,TRAFFICO,11.784396,42.102156,2019,361,3,4,19,6,9,14,18,22,26,50,104,1,0,0,1,0,0
Lazio,Roma,Civitavecchia,Faro,URBANA,FONDO,11.817652,42.098837,2019,344,0,4,17,2,6,13,17,22,25,47,50,1,0,0,1,0,0
Lazio,Roma,Civitavecchia,Campo dell'Oro,URBANA,FONDO,11.809369,42.081792,2019,364,2,3,18,5,8,13,16,21,28,44,97,1,0,0,1,0,0
Lazio,Roma,Civitavecchia,S. Gordiano,URBANA,FONDO,11.815903,42.073612,2019,309,2,3,19,2,7,13,18,23,27,48,98,0,0,0,1,0,0
Lazio,Roma,Civitavecchia,Civitavecchia Porto,URBANA,INDUSTRIALE,11.788283,42.096873,2019,346,3,10,20,0,8,13,19,24,31,51,74,1,0,0,1,0,0
Lazio,Roma,Colleferro,COLLEFERRO OBERDAN,SUBURBANA,FONDO,13.004056,41.730447,2019,359,8,16,24,8,12,17,22,29,40,57,73,1,0,1,1,0,0
Lazio,Roma,Colleferro,COLLEFERRO EUROPA,SUBURBANA,INDUSTRIALE,13.009668,41.725005,2019,337,42,57,31,8,14,20,27,39,54,83,90,1,0,1,1,1,1
Lazio,Roma,Guidonia Montecelio,GUIDONIA,SUBURBANA,TRAFFICO,12.726623,41.995626,2019,362,3,7,21,7,10,15,19,25,34,49,64,1,0,1,1,0,0
Lazio,Roma,Roma,C.SO FRANCIA,URBANA,TRAFFICO,12.469563,41.947448,2019,363,6,10,25,0,12,19,23,29,36,52,66,1,0,1,1,0,0
Lazio,Roma,Roma,L.GO MAGNA GRECIA,URBANA,TRAFFICO,12.50895,41.883075,2019,364,18,27,27,8,13,20,25,32,42,60,87,1,0,1,1,0,0
Lazio,Roma,Roma,CASTEL DI GUIDO,RURALE,FONDO,12.266327,41.889451,2019,350,1,3,18,5,8,12,17,22,28,44,88,1,0,0,1,0,0
Lazio,Roma,Roma,VILLA ADA,URBANA,FONDO,12.506947,41.932892,2019,361,6,11,23,5,11,17,22,28,37,53,72,1,0,1,1,0,0
Lazio,Roma,Roma,CINECITTA,URBANA,FONDO,12.568652,41.857716,2019,352,16,26,26,0,12,18,25,31,42,68,94,1,0,1,1,0,0
Lazio,Roma,Roma,TENUTA DEL CAVALIERE,SUBURBANA,FONDO,12.65848,41.929474,2019,338,4,13,22,6,11,15,21,26,36,52,70,1,0,1,1,0,0
Lazio,Roma,Roma,L.GO PERESTRELLO,URBANA,FONDO,12.541618,41.886019,2019,357,22,29,29,8,13,21,26,33,44,77,92,1,0,1,1,0,0
Lazio,Roma,Roma,TIBURTINA,URBANA,TRAFFICO,12.548854,41.910268,2019,360,32,49,29,8,13,21,26,35,49,69,93,1,0,1,1,0,1
Lazio,Roma,Roma,BUFALOTTA,URBANA,FONDO,12.533667,41.947654,2019,353,15,28,26,7,11,18,24,32,42,62,95,1,0,1,1,0,0
Lazio,Roma,Roma,CIPRO,URBANA,FONDO,12.447588,41.906356,2019,351,9,16,24,5,10,17,22,29,39,58,92,1,0,1,1,0,0
Lazio,Roma,Roma,FERMI,URBANA,TRAFFICO,12.46957,41.863993,2019,356,22,40,30,5,15,23,27,35,46,62,93,1,0,1,1,0,1
Lazio,Roma,Roma,ARENULA,URBANA,FONDO,12.475387,41.893971,2019,351,7,15,24,6,11,17,22,29,38,59,95,1,0,1,1,0,0
Lazio,Roma,Roma,MALAGROTTA,SUBURBANA,FONDO,12.34559,41.874783,2019,351,7,13,22,6,10,15,19,24,35,58,103,1,0,1,1,0,0
Lazio,Roma,Tolfa,Tolfa,RURALE,FONDO,11.935607,42.152456,2019,347,1,3,14,1,5,9,13,18,23,44,72,1,0,0,0,0,0
Lazio,Roma,Ciampino,CIAMPINO,URBANA,TRAFFICO,12.607028,41.797881,2019,356,19,27,26,7,12,19,24,30,42,61,94,1,0,1,1,0,0
Lazio,Roma,Fiumicino,Fiumicino Porto,SUBURBANA,INDUSTRIALE,12.223404,41.774844,2019,322,2,3,18,3,6,13,17,22,29,42,69,1,0,0,1,0,0
Lazio,Roma,Fiumicino,Villa Guglielmi,URBANA,FONDO,12.237041,41.768234,2019,364,4,4,21,6,9,15,19,25,32,52,99,1,0,1,1,0,0
Lazio,Latina,Aprilia,APRILIA 2,URBANA,FONDO,12.653293,41.595363,2019,353,9,13,23,1,10,16,22,27,38,58,115,1,0,1,1,0,0
Lazio,Latina,Gaeta,Gaeta Porto,URBANA,FONDO,13.57049,41.223084,2019,365,11,17,24,2,9,17,22,29,35,68,108,1,0,1,1,0,0
Lazio,Latina,Latina,LT TASSO,URBANA,FONDO,12.913043,41.464027,2019,356,10,19,23,5,10,16,21,28,40,63,90,1,0,1,1,0,0
Lazio,Latina,Latina,LATINA SCALO,SUBURBANA,FONDO,12.9466,41.531405,2019,337,4,8,22,6,10,15,20,25,35,52,79,1,0,1,1,0,0
Lazio,Latina,Latina,Latina De Chirico,URBANA,TRAFFICO,12.891731,41.451131,2019,363,12,22,24,0,9,16,21,28,41,61,99,1,0,1,1,0,0
Lazio,Frosinone,Alatri,ALATRI,URBANA,FONDO,13.338286,41.727296,2019,359,14,24,22,0,9,13,18,28,43,59,75,1,0,1,1,0,0
Lazio,Frosinone,Anagni,ANAGNI,URBANA,FONDO,13.149795,41.746893,2019,353,2,8,18,0,6,12,17,22,28,49,62,1,0,0,1,0,0
Lazio,Frosinone,Cassino,CASSINO,URBANA,TRAFFICO,13.830728,41.48846,2019,361,59,68,32,3,12,18,24,38,64,115,154,1,0,1,1,1,1
Lazio,Frosinone,Ceccano,CECCANO,URBANA,TRAFFICO,13.338713,41.571594,2019,351,81,92,36,7,12,17,23,48,78,136,167,1,0,1,1,1,1
Lazio,Frosinone,Ferentino,FERENTINO,URBANA,TRAFFICO,13.265568,41.687898,2019,347,27,39,26,0,12,17,22,31,48,80,90,1,0,1,1,0,1
Lazio,Frosinone,Frosinone,FONTECHIARI,RURALE,FONDO,13.348977,41.639609,2019,363,2,4,16,5,7,11,14,19,25,46,59,1,0,0,1,0,0
Lazio,Frosinone,Frosinone,FROSINONE SCALO,URBANA,TRAFFICO,13.330917,41.624311,2019,359,68,76,34,3,10,16,22,39,77,144,201,1,0,1,1,1,1
Lazio,Frosinone,Frosinone,FROSINONE MAZZINI,URBANA,FONDO,13.348977,41.639609,2019,355,21,28,24,6,10,15,19,27,43,83,87,1,0,1,1,0,0
Abruzzo,L'Aquila,Castel di Sangro,Castel di Sangro,SUBURBANA,FONDO,14.10361,41.77944,2019,330,2,2,13,1,5,8,11,16,21,40,68,1,0,0,0,0,0
Abruzzo,L'Aquila,L'Aquila,AQ - Amiternum,URBANA,FONDO,13.38306,42.36417,2019,317,2,4,16,1,5,9,14,20,27,47,52,1,0,0,1,0,0
Abruzzo,Teramo,Teramo,TE - Porta Madonna,URBANA,TRAFFICO,13.70944,42.65722,2019,226,4,5,22,1,8,15,20,28,36,62,67,0,0,1,1,0,0
Abruzzo,Pescara,Montesilvano,MONTESILVANO,URBANA,TRAFFICO,14.14833,42.5175,2019,351,14,16,24,7,11,16,21,28,37,58,78,1,0,1,1,0,0
Abruzzo,Pescara,Pescara,PE - VIA SACCO,URBANA,TRAFFICO,14.1975,42.45194,2019,361,11,16,23,5,9,15,21,28,38,60,77,1,0,1,1,0,0
Abruzzo,Pescara,Pescara,PE - VIA FIRENZE,URBANA,TRAFFICO,14.21306,42.46639,2019,343,11,15,24,7,11,17,22,30,36,58,68,1,0,1,1,0,0
Abruzzo,Pescara,Pescara,PE - TEATRO D'ANNUNZIO,URBANA,FONDO,14.23472,42.45639,2019,347,13,21,24,5,10,16,23,29,39,61,63,1,0,1,1,0,0
Abruzzo,Chieti,Atessa,ATESSA,SUBURBANA,INDUSTRIALE,14.44111,42.14167,2019,269,4,5,19,3,8,13,17,23,32,52,63,0,0,0,1,0,0
Abruzzo,Chieti,Chieti,Scuola Antonelli,URBANA,FONDO,14.13778,42.34611,2019,284,4,5,18,5,8,11,16,24,31,53,56,0,0,0,1,0,0
Abruzzo,Chieti,Francavilla al Mare,Francavilla,SUBURBANA,FONDO,14.27917,42.42139,2019,353,2,3,18,5,9,13,17,21,27,45,55,1,0,0,1,0,0
Molise,Campobasso,Campobasso,CAMPOBASSO3,URBANA,FONDO,14.674722,41.554167,2019,65,0,0,15,5,7,10,13,17,27,42,43,0,0,0,0,0,0
Molise,Campobasso,Termoli,TERMOLI1,URBANA,TRAFFICO,14.99361,42.00111,2019,162,0,1,19,6,9,13,17,23,32,44,46,0,0,0,1,0,0
Molise,Campobasso,Termoli,TERMOLI2,URBANA,TRAFFICO,14.993333,41.998056,2019,60,1,3,22,3,7,15,22,26,31,51,54,0,0,1,1,0,0
Molise,Isernia,Isernia,ISERNIA1,URBANA,TRAFFICO,14.23361,41.59722,2019,95,0,0,9,6,7,8,9,10,12,16,17,0,0,0,0,0,0
Molise,Isernia,Vastogirardi,VASTOGIRARDI,RURALE,FONDO,14.208889,41.759444,2019,39,0,0,7,0,1,2,5,11,17,21,22,0,0,0,0,0,0
Molise,Isernia,Venafro,VENAFRO1,URBANA,TRAFFICO,14.04722,41.48417,2019,91,7,8,25,6,9,14,19,32,43,81,82,0,0,1,1,0,0
Molise,Isernia,Venafro,VENAFRO2,URBANA,FONDO,14.033333,41.478889,2019,341,40,52,30,7,12,18,25,36,53,93,107,1,0,1,1,1,1
Campania,Caserta,Caserta,CE51 ISTITUTO MANZONI,URBANA,TRAFFICO,14.34472,41.08444,2019,319,8,11,21,4,7,14,19,27,34,70,103,1,0,1,1,0,0
Campania,Caserta,Caserta,CE52 SCUOLA DE AMICIS,URBANA,TRAFFICO,14.33122,41.07795,2019,356,34,53,33,7,16,24,30,40,50,91,144,1,0,1,1,0,1
Campania,Caserta,Maddaloni,CE54 SCUOLA SETTEMBRINI,SUBURBANA,TRAFFICO,14.37809,41.04592,2019,351,29,46,26,0,7,14,23,35,48,79,139,1,0,1,1,0,1
Campania,Caserta,Pignataro Maggiore,Pignataro,SUBURBANA,INDUSTRIALE,14.15079,41.16857,2019,337,27,40,28,6,11,18,24,34,47,81,123,1,0,1,1,0,1
Campania,Caserta,San Felice a Cancello,San Felice a Cancello Complesso scolastico,SUBURBANA,TRAFFICO,14.42397,40.99052,2019,348,49,65,31,2,9,20,27,38,54,96,117,1,0,1,1,1,1
Campania,Caserta,Sparanise,Sparanise,SUBURBANA,INDUSTRIALE,14.09215,41.18529,2019,357,15,25,22,2,4,11,21,29,41,68,83,1,0,1,1,0,0
Campania,Benevento,Benevento,Via Mustilli,URBANA,TRAFFICO,14.78938,41.13146,2019,301,16,23,25,7,11,16,22,30,42,71,116,0,0,1,1,0,0
Campania,Benevento,Benevento,Benevento Zona Industriale,SUBURBANA,FONDO,14.83614,41.14691,2019,338,5,8,16,0,1,8,14,21,30,51,123,1,0,0,1,0,0
Campania,Benevento,Benevento,Benevento Campo Sportivo,URBANA,FONDO,14.77998,41.11575,2019,290,30,42,28,0,5,15,24,36,52,99,137,0,0,1,1,0,1
Campania,Napoli,Acerra,Acerra Zona Industriale,SUBURBANA,INDUSTRIALE,14.401,40.97971,2019,271,57,76,37,0,10,21,31,47,65,118,208,0,0,1,1,1,1
Campania,Napoli,Acerra,Acerra scuola Caporale,URBANA,TRAFFICO,14.36981,40.94108,2019,353,64,81,35,0,8,20,29,43,66,107,130,1,0,1,1,1,1
Campania,Napoli,Casoria,Casoria Scuola Palizzi (CAM),SUBURBANA,FONDO,14.29866,40.91463,2019,304,46,61,34,0,7,19,27,40,65,150,170,0,0,1,1,1,1
Campania,Napoli,Napoli,NA06 MUSEO NAZIONALE,URBANA,TRAFFICO,14.25133,40.85419,2019,351,20,32,28,7,13,20,26,32,44,82,110,1,0,1,1,0,0
Campania,Napoli,Napoli,NA07 ENTE FERROVIE,URBANA,TRAFFICO,14.27167,40.85361,2019,354,37,43,32,8,15,23,29,37,51,85,115,1,0,1,1,1,1
Campania,Napoli,Napoli,NA09 I.T.I.S. ARGINE,SUBURBANA,TRAFFICO,14.34108,40.86427,2019,330,36,40,31,10,14,21,27,36,52,86,99,1,0,1,1,1,1
Campania,Napoli,Napoli,NA08 OSPEDALE NUOVO PELLEGRINI,URBANA,TRAFFICO,14.27547,40.87234,2019,348,30,37,26,1,7,15,24,34,47,82,102,1,0,1,1,0,1
Campania,Napoli,Napoli,NA02 OSPEDALE SANTOBONO,URBANA,TRAFFICO,14.23111,40.84936,2019,342,18,27,27,1,9,18,26,33,43,97,110,1,0,1,1,0,0
Campania,Napoli,Napoli,NA01 OSSERVATORIO ASTRONOMICO,URBANA,FONDO,14.25451,40.86369,2019,336,17,20,27,0,11,19,26,33,40,76,123,1,0,1,1,0,0
Campania,Napoli,Napoli,Parco Virgiliano,SUBURBANA,FONDO,14.17941,40.79889,2019,296,9,10,18,0,4,11,17,23,30,61,92,0,0,0,1,0,0
Campania,Napoli,Pomigliano d'Arco,Pomigliano d'Arco Area ASI,SUBURBANA,INDUSTRIALE,14.38946,40.92087,2019,353,85,106,38,0,12,24,33,49,65,109,137,1,0,1,1,1,1
Campania,Napoli,Portici,Portici parco reggia,URBANA,FONDO,14.34927,40.81588,2019,317,19,25,28,0,11,19,26,34,43,107,132,1,0,1,1,0,0
Campania,Napoli,Pozzuoli,Pozzuoli Villa Avellino,URBANA,FONDO,14.12254,40.82291,2019,301,16,29,26,1,8,15,24,33,45,107,136,0,0,1,1,0,0
Campania,Napoli,San Vitaliano,San Vitaliano Scuola Elementare Marconi,URBANA,FONDO,14.48133,40.92431,2019,360,116,149,47,8,17,27,40,56,87,152,170,1,1,1,1,1,1
Campania,Napoli,Volla,Tirrenopower Volla,SUBURBANA,INDUSTRIALE,14.34998,40.8864,2019,187,50,62,38,7,11,21,32,52,74,99,119,0,0,1,1,1,1
Campania,Avellino,Avellino,Avellino Scuola Alighieri,URBANA,TRAFFICO,14.78553,40.91882,2019,335,31,43,28,1,7,16,25,35,49,102,112,1,0,1,1,0,1
Campania,Avellino,Solofra,Solofra Zona Industriale,SUBURBANA,INDUSTRIALE,14.82459,40.83555,2019,351,20,30,23,0,5,12,20,30,44,83,118,1,0,1,1,0,0
Campania,Salerno,Battipaglia,Battipaglia parco fiume,URBANA,FONDO,14.97584,40.61107,2019,345,19,34,24,0,5,13,20,31,45,80,152,1,0,1,1,0,0
Campania,Salerno,Cava de' Tirreni,Cava de' Tirreni Stadio,SUBURBANA,FONDO,14.70244,40.71099,2019,349,26,31,26,0,8,15,22,33,44,99,120,1,0,1,1,0,0
Campania,Salerno,Nocera Inferiore,Nocera Inferiore scuola Solimene,URBANA,TRAFFICO,14.64345,40.7404,2019,345,73,97,40,3,19,27,35,47,64,118,148,1,0,1,1,1,1
Campania,Salerno,Ottati,Ottati Alburni,RURALE-REGIONALE,FONDO,15.29873,40.47059,2019,176,0,0,9,0,0,3,8,14,19,32,34,0,0,0,0,0,0
Campania,Salerno,Polla,Polla Area tritovagliatore,SUBURBANA,INDUSTRIALE,15.52825,40.48701,2019,339,4,10,17,0,3,9,15,22,32,53,108,1,0,0,1,0,0
Campania,Salerno,Salerno,SA22 Ospedale via Vernieri,URBANA,TRAFFICO,14.76972,40.68389,2019,345,10,15,22,6,9,15,19,25,33,63,104,1,0,1,1,0,0
Campania,Salerno,Salerno,Parco Mercatello,URBANA,FONDO,14.80449,40.66142,2019,304,29,39,28,0,4,16,25,37,49,84,127,0,0,1,1,0,1
Puglia,Foggia,Foggia,Rosati,URBANA,FONDO,15.54778,41.45389,2019,345,10,13,23,5,9,15,20,27,35,68,93,1,0,1,1,0,0
Puglia,Foggia,Lucera,Azienda Russo,RURALE,FONDO,15.44083,41.54666,2019,318,6,7,19,4,7,11,16,24,31,56,78,1,0,0,1,0,0
Puglia,Foggia,Manfredonia,Manfredonia VIA DEI MANDORLI,SUBURBANA,TRAFFICO,15.90944,41.62833,2019,344,4,6,17,0,7,11,15,20,24,53,72,1,0,0,1,0,0
Puglia,Foggia,Monte Sant'Angelo,Monte S. Angelo SUOLO CIUFFREDA,RURALE,FONDO,15.945,41.66528,2019,329,6,7,17,1,5,10,14,21,28,59,100,1,0,0,1,0,0
Puglia,Bari,Altamura,ALTAMURA,SUBURBANA,TRAFFICO,16.56028,40.82778,2019,347,5,9,19,6,9,13,18,23,29,53,58,1,0,0,1,0,0
Puglia,Bari,Bari,Caldarola,URBANA,TRAFFICO,16.888056,41.113611,2019,348,13,21,26,8,12,18,24,31,39,71,102,1,0,1,1,0,0
Puglia,Bari,Bari,CAVOUR,URBANA,TRAFFICO,16.873333,41.123333,2019,331,9,13,25,8,13,18,23,29,36,59,101,1,0,1,1,0,0
Puglia,Bari,Bari,KENNEDY,URBANA,FONDO,16.859722,41.100556,2019,342,8,12,21,2,9,14,20,25,32,58,91,1,0,1,1,0,0
Puglia,Bari,Bari,CUS,SUBURBANA,FONDO,16.84526,41.1347,2019,336,6,11,23,2,10,16,22,28,34,61,98,1,0,1,1,0,0
Puglia,Bari,Casamassima,CASAMASSIMA,SUBURBANA,FONDO,16.91972,40.95333,2019,333,5,10,21,6,11,15,20,26,32,52,86,1,0,1,1,0,0
Puglia,Bari,Modugno,EN02 - ass. ecologia,SUBURBANA,INDUSTRIALE,16.766111,41.107778,2019,360,9,13,23,8,11,16,22,28,35,59,72,1,0,1,1,0,0
Puglia,Bari,Modugno,EN03 - VIGILI URBANI,URBANA,INDUSTRIALE,16.78167,41.08722,2019,363,10,10,21,0,5,14,21,27,34,62,66,1,0,1,1,0,0
Puglia,Bari,Modugno,EN04 - SAN PAOLO,SUBURBANA,INDUSTRIALE,16.78778,41.11444,2019,362,31,47,30,10,13,19,28,37,49,80,108,1,0,1,1,0,1
Puglia,Bari,Molfetta,molfetta VERDI,URBANA,TRAFFICO,16.605,41.200278,2019,358,6,11,23,6,11,16,22,28,34,62,71,1,0,1,1,0,0
Puglia,Bari,Monopoli,Monopoli Italgreen,SUBURBANA,TRAFFICO,17.28417,40.96139,2019,355,6,8,21,6,10,15,19,24,31,57,96,1,0,1,1,0,0
Puglia,Taranto,Martina Franca,Martina Franca,URBANA,TRAFFICO,17.33194,40.70083,2019,348,6,13,23,7,11,16,21,28,34,55,94,1,0,1,1,0,0
Puglia,Taranto,Taranto,Taranto CISI,SUBURBANA,INDUSTRIALE,17.2536,40.52111,2019,353,1,2,16,4,7,11,15,20,27,41,98,1,0,0,1,0,0
Puglia,Taranto,Taranto,taranto SAN VITO,URBANA,FONDO,17.22528,40.42333,2019,341,4,9,21,3,8,14,20,26,34,52,106,1,0,1,1,0,0
Puglia,Taranto,Taranto,taranto MACHIAVELLI,SUBURBANA,INDUSTRIALE,17.22583,40.48861,2019,347,7,15,25,9,14,19,23,29,37,54,111,1,0,1,1,0,0
Puglia,Taranto,Taranto,taranto ADIGE,URBANA,TRAFFICO,17.26333,40.46055556,2019,355,5,9,22,8,11,16,21,27,32,58,119,1,0,1,1,0,0
Puglia,Taranto,Taranto,TALSANO,URBANA,FONDO,17.28389,40.41194,2019,350,5,8,20,5,7,13,18,24,31,67,182,1,0,0,1,0,0
Puglia,Taranto,Taranto,Taranto ARCHIMEDE,SUBURBANA,INDUSTRIALE,17.23306,40.49444,2019,356,4,12,22,4,11,16,20,26,32,52,113,1,0,1,1,0,0
Puglia,Brindisi,Brindisi,Brindisi VIA TARANTO,URBANA,TRAFFICO,17.94777,40.63416667,2019,346,10,18,25,7,13,18,22,28,38,56,144,1,0,1,1,0,0
Puglia,Brindisi,Brindisi,brindisi VIA DEI MILLE,SUBURBANA,TRAFFICO,17.93833,40.63806,2019,0,0,0,,,,,,,,,,0,,,,0,0
Puglia,Brindisi,Brindisi,brindisi VIA MAGELLANO,SUBURBANA,FONDO,17.94361,40.65083,2019,338,2,7,20,6,10,14,19,23,31,48,113,1,0,0,1,0,0
Puglia,Brindisi,Brindisi,TERMINAL PASSEGGERI,SUBURBANA,INDUSTRIALE,17.96055,40.64583,2019,329,1,1,18,5,8,13,16,21,27,42,100,1,0,0,1,0,0
Puglia,Brindisi,Francavilla Fontana,Filzi,SUBURBANA,TRAFFICO,17.5875,40.5275,2019,18,6,7,48,23,25,34,40,59,80,91,93,0,1,1,1,0,0
Puglia,Brindisi,Mesagne,Mesagne,SUBURBANA,FONDO,17.80833,40.56556,2019,315,11,20,24,3,11,17,23,28,39,60,127,1,0,1,1,0,0
Puglia,Brindisi,Torchiarolo,TORCHIAROLO,SUBURBANA,INDUSTRIALE,18.05361,40.48806,2019,352,27,34,28,9,14,19,25,32,45,90,133,1,0,1,1,0,0
Puglia,Lecce,Arnesano,ARNESANO - Riesci,SUBURBANA,FONDO,18.09507,40.34627,2019,308,7,11,21,2,9,14,19,26,34,57,106,0,0,1,1,0,0
Puglia,Lecce,Campi Salentina,Campi Salentina,SUBURBANA,FONDO,18.02972,40.40444,2019,329,5,12,22,6,10,15,20,27,34,52,123,1,0,1,1,0,0
Puglia,Lecce,Guagnano,GUAGNANO - villa baldassarri,SUBURBANA,FONDO,17.96447,40.41852,2019,338,8,12,23,2,9,15,20,28,38,60,125,1,0,1,1,0,0
Puglia,Lecce,Lecce,LECCE - S. M. Cerrate,RURALE,FONDO,18.11611,40.45889,2019,328,2,4,19,7,10,13,18,22,29,48,94,1,0,0,1,0,0
Puglia,Lecce,Lecce,GARIGLIANO,URBANA,TRAFFICO,18.17306,40.36444,2019,355,4,8,20,6,10,14,19,23,29,54,107,1,0,0,1,0,0
Puglia,Lecce,Lecce,LIBERTINI,URBANA,TRAFFICO,18.17667,40.35194,2019,344,6,10,22,7,11,16,20,25,34,58,107,1,0,1,1,0,0
Puglia,Barletta-Andria-Trani,Andria,ANDRIA,URBANA,TRAFFICO,16.29167,41.23167,2019,345,7,11,22,5,10,14,20,27,33,67,90,1,0,1,1,0,0
Puglia,Barletta-Andria-Trani,Barletta,stadio casardi,URBANA,FONDO,16.28611,41.31667,2019,349,8,12,22,6,10,15,20,27,33,58,75,1,0,1,1,0,0
Basilicata,Potenza,Grumento Nova,GRUMENTO 3,SUBURBANA,INDUSTRIALE,15.89143,40.288391,2019,353,8,9,18,6,8,11,15,21,28,92,140,1,0,0,1,0,0
Basilicata,Potenza,Guardia Perticara,GuardiaPerticara 1,RURALE,INDUSTRIALE,16.097537,40.364036,2019,52,5,5,19,4,6,9,14,19,34,108,115,0,0,0,1,0,0
Basilicata,Potenza,Lavello,Lavello,URBANA,INDUSTRIALE,15.787626,41.046003,2019,357,11,15,21,2,6,12,18,26,36,81,100,1,0,1,1,0,0
Basilicata,Potenza,Melfi,MELFI,SUBURBANA,INDUSTRIALE,15.639965,40.9841,2019,349,7,7,16,2,5,8,13,20,30,73,130,1,0,0,1,0,0
Basilicata,Potenza,Melfi,San Nicola di Melfi,RURALE,INDUSTRIALE,15.722746,41.067055,2019,347,3,8,17,4,6,10,15,22,29,50,71,1,0,0,1,0,0
Basilicata,Potenza,Potenza,POTENZA - VIALE FIRENZE,URBANA,TRAFFICO,15.795198,40.649208,2019,349,4,5,15,1,5,7,12,19,27,65,133,1,0,0,0,0,0
Basilicata,Potenza,Potenza,POTENZA - VIALE UNICEF,URBANA,TRAFFICO,15.796423,40.627877,2019,310,5,7,18,2,8,11,16,23,31,72,119,0,0,0,1,0,0
Basilicata,Potenza,Potenza,POTENZA - C.DA ROSSELLINO,SUBURBANA,INDUSTRIALE,15.811729,40.62541,2019,338,5,7,17,1,5,8,14,21,31,60,99,1,0,0,1,0,0
Basilicata,Potenza,Viggiano,VIGGIANO 1,RURALE,INDUSTRIALE,15.900698,40.334862,2019,345,5,6,19,7,8,11,16,22,29,98,136,1,0,0,1,0,0
Basilicata,Potenza,Viggiano,VIGGIANO - MASSERIA DE BLASIIS,RURALE,INDUSTRIALE,15.867364,40.324234,2019,351,12,18,19,7,8,12,15,21,35,81,122,1,0,0,1,0,0
Basilicata,Potenza,Viggiano,VIGGIANO - COSTA MOLINA SUD 1,RURALE,INDUSTRIALE,15.9548,40.315619,2019,341,7,8,19,5,8,12,16,22,30,87,140,1,0,0,1,0,0
Basilicata,Matera,Tricarico,Tricarico 1,RURALE,INDUSTRIALE,16.147441,40.620463,2019,54,0,0,14,3,6,9,12,18,22,39,44,0,0,0,0,0,0
Calabria,Cosenza,Acri,Acri,URBANA,FONDO,16.3868,39.48963,2019,339,6,10,20,7,10,14,17,23,31,67,81,1,0,0,1,0,0
Calabria,Cosenza,Cosenza,Città dei ragazzi,URBANA,FONDO,16.24517,39.3134,2019,344,6,12,22,9,11,15,20,24,31,68,92,1,0,1,1,0,0
Calabria,Cosenza,Firmo,Firmo,RURALE-NEARCITY,INDUSTRIALE,16.19397,39.71376,2019,333,19,26,25,3,8,15,23,32,43,71,88,1,0,1,1,0,0
Calabria,Cosenza,Rende,Università,URBANA,TRAFFICO,16.24334,39.33893,2019,363,8,9,21,0,9,13,19,26,34,66,92,1,0,1,1,0,0
Calabria,Cosenza,Corigliano-Rossano,Schiavonea,RURALE-NEARCITY,INDUSTRIALE,16.54677,39.65176,2019,339,1,7,22,5,8,14,21,28,36,49,50,1,0,1,1,0,0
Calabria,Catanzaro,Catanzaro,Parco della biodiversità mediterranea,URBANA,FONDO,16.57925,38.918288,2019,347,5,6,15,0,5,9,13,18,24,70,107,1,0,0,0,0,0
Calabria,Catanzaro,Catanzaro,Santa Maria,URBANA,TRAFFICO,16.60832,38.86898,2019,346,18,21,25,5,12,18,23,28,36,74,121,1,0,1,1,0,0
Calabria,Catanzaro,Martirano Lombardo,Martirano Lombardo,URBANA,TRAFFICO,16.23145,39.07497,2019,341,9,17,24,7,12,16,21,29,39,81,105,1,0,1,1,0,0
Calabria,Catanzaro,Simeri Crichi,Pietropaolo,RURALE-NEARCITY,INDUSTRIALE,16.66921,38.8705,2019,293,12,17,21,1,6,12,19,27,36,80,133,0,0,1,1,0,0
Calabria,Catanzaro,Lamezia Terme,Municipio,SUBURBANA,FONDO,16.29517,38.95955,2019,365,18,22,24,8,11,16,22,27,38,68,81,1,0,1,1,0,0
Calabria,Reggio di Calabria,Locri,Locri,URBANA,FONDO,16.25518,38.22976,2019,357,11,13,21,0,9,14,19,25,34,83,145,1,0,1,1,0,0
Calabria,Reggio di Calabria,Mammola,Mammola,RURALE-REGIONALE,FONDO,16.23452,38.39092,2019,336,7,9,16,3,6,9,13,19,26,76,136,1,0,0,1,0,0
Calabria,Reggio di Calabria,Polistena,Polistena,SUBURBANA,INDUSTRIALE,16.07022,38.39986,2019,297,14,23,28,6,10,18,25,32,43,113,151,0,0,1,1,0,0
Calabria,Reggio di Calabria,Reggio di Calabria,Piazza Castello,URBANA,TRAFFICO,15.64524,38.10591,2019,364,13,16,22,9,11,16,20,24,33,90,102,1,0,1,1,0,0
Calabria,Reggio di Calabria,Reggio di Calabria,Villa Comunale,URBANA,FONDO,15.63879,38.10495,2019,332,12,16,23,8,11,16,20,25,31,96,160,1,0,1,1,0,0
Calabria,Crotone,Crotone,Gioacchino da Fiore (via),URBANA,FONDO,17.11417,39.06808,2019,361,8,15,23,6,11,16,22,27,36,66,142,1,0,1,1,0,0
Calabria,Crotone,Crotone,Tribunale,URBANA,TRAFFICO,17.12285,39.07973,2019,360,19,25,25,5,10,16,22,29,39,85,165,1,0,1,1,0,0
Calabria,Crotone,Rocca di Neto,Rocca di Neto,SUBURBANA,FONDO,17.01034,39.18752,2019,331,10,21,23,6,11,15,20,27,39,60,139,1,0,1,1,0,0
Calabria,Vibo Valentia,Vibo Valentia,Via Argentaria,URBANA,TRAFFICO,16.09825,38.6758,2019,354,11,14,22,7,11,16,20,24,31,96,156,1,0,1,1,0,0
Calabria,Vibo Valentia,Vibo Valentia,Parco Urbano,URBANA,FONDO,16.08024,38.66458,2019,336,10,11,19,4,7,12,17,21,29,93,145,1,0,0,1,0,0
Sicilia,Trapani,Trapani,Trapani,URBANA,FONDO,12.546894,38.012365,2019,361,8,10,21,3,9,14,18,23,31,102,139,1,0,1,1,0,0
Sicilia,Palermo,Palermo,PA - Boccadifalco,SUBURBANA,FONDO,13.302198,38.120539,2019,108,1,1,18,6,9,12,15,21,25,51,104,0,0,0,1,0,0
Sicilia,Palermo,Palermo,PA - Indipendenza,URBANA,TRAFFICO,13.350252,38.111034,2019,98,2,5,31,10,16,23,31,36,41,69,128,0,0,1,1,0,0
Sicilia,Palermo,Palermo,PA - Castelnuovo,URBANA,TRAFFICO,13.354215,38.124382,2019,42,3,6,33,10,14,21,32,37,47,111,139,0,0,1,1,0,0
Sicilia,Palermo,Palermo,PA - Belgio,URBANA,TRAFFICO,13.331559,38.1517,2019,0,0,0,,,,,,,,,,0,,,,0,0
Sicilia,Palermo,Palermo,PA - Di Blasi,URBANA,TRAFFICO,13.329306,38.121681,2019,116,4,10,31,10,17,23,30,37,44,65,121,0,0,1,1,0,0
Sicilia,Palermo,Palermo,PA - Villa Trabia,URBANA,FONDO,13.346531,38.130696,2019,50,1,1,22,0,6,14,20,27,34,77,103,0,0,1,1,0,0
Sicilia,Palermo,Partinico,Partinico,URBANA,FONDO,13.11859,38.050162,2019,344,7,11,22,4,10,15,20,25,33,65,138,1,0,1,1,0,0
Sicilia,Palermo,Termini Imerese,Termini Imerese,URBANA,FONDO,13.687987,37.977911,2019,358,10,11,19,0,8,12,16,21,29,96,148,1,0,0,1,0,0
Sicilia,Messina,Messina,ME - Boccetta,URBANA,TRAFFICO,15.552935,38.198256,2019,347,10,14,22,0,0,16,20,25,33,92,201,1,0,1,1,0,0
Sicilia,Messina,Messina,ME - Villa Dante,URBANA,FONDO,15.546512,38.174341,2019,323,13,14,23,1,9,15,21,27,34,74,99,1,0,1,1,0,0
Sicilia,Messina,Milazzo,Milazzo - Termica,SUBURBANA,FONDO,15.249112,38.190608,2019,308,9,16,22,4,10,15,19,24,32,123,150,0,0,1,1,0,0
Sicilia,Messina,Milazzo,a2a - Milazzo,URBANA,FONDO,15.247567,38.231469,2019,357,14,21,26,11,13,19,23,28,37,100,127,1,0,1,1,0,0
Sicilia,Messina,Pace del Mela,a2a - Pace del Mela,SUBURBANA,FONDO,15.301496,38.183005,2019,363,10,13,20,6,8,13,17,22,30,93,141,1,0,0,1,0,0
Sicilia,Messina,San Filippo del Mela,a2a - San Filippo del Mela,SUBURBANA,FONDO,15.271443,38.174624,2019,361,12,16,23,9,12,15,20,25,32,91,139,1,0,1,1,0,0
Sicilia,Agrigento,Agrigento,AG - ASP,SUBURBANA,FONDO,13.593963,37.307047,2019,318,5,9,18,0,7,12,16,20,28,52,145,1,0,0,1,0,0
Sicilia,Agrigento,Porto Empedocle,Porto Empedocle,SUBURBANA,FONDO,13.532537,37.291894,2019,218,21,31,35,8,15,21,27,36,49,247,286,0,0,1,1,0,0
Sicilia,Caltanissetta,Gela,Gela - Via Venezia,URBANA,TRAFFICO,14.253618,37.070349,2019,355,23,33,31,8,17,23,28,34,45,114,205,1,0,1,1,0,0
Sicilia,Caltanissetta,Gela,Gela - Enimed,SUBURBANA,FONDO,14.284218,37.062217,2019,342,20,22,23,3,8,15,19,25,37,116,211,1,0,1,1,0,0
Sicilia,Caltanissetta,Gela,Gela - Biviere,RURALE-NEARCITY,FONDO,14.344965,37.022486,2019,221,12,17,23,2,9,15,19,27,37,73,199,0,0,1,1,0,0
Sicilia,Caltanissetta,Niscemi,Niscemi,URBANA,FONDO,14.395552,37.145943,2019,223,30,46,36,10,20,26,33,42,55,80,240,0,0,1,1,0,1
Sicilia,Enna,Enna,Enna,URBANA,FONDO,14.281463,37.564125,2019,356,11,15,17,1,5,9,13,19,32,85,198,1,0,0,1,0,0
Sicilia,Catania,Catania,CT - Viale Vittorio Veneto,URBANA,TRAFFICO,15.097211,37.515808,2019,0,0,0,,,,,,,,,,0,,,,0,0
Sicilia,Catania,Catania,CT - Parco Gioeni,URBANA,FONDO,15.081122,37.529257,2019,0,0,0,,,,,,,,,,0,,,,0,0
Sicilia,Catania,Misterbianco,Misterbianco,URBANA,FONDO,15.010788,37.515714,2019,342,13,21,24,0,11,16,21,26,34,81,226,1,0,1,1,0,0
Sicilia,Siracusa,Augusta,Augusta,URBANA,FONDO,15.2205,37.2184,2019,323,10,12,21,0,9,14,18,23,31,68,203,1,0,1,1,0,0
Sicilia,Siracusa,Melilli,Melilli,URBANA,FONDO,15.128831,37.182374,2019,346,9,14,18,4,7,11,15,21,30,58,95,1,0,0,1,0,0
Sicilia,Siracusa,Siracusa,SR - Via Gela,SUBURBANA,FONDO,15.262506,37.098447,2019,336,11,17,24,0,12,18,22,28,36,69,199,1,0,1,1,0,0
Sicilia,Siracusa,Siracusa,SR - Verga,URBANA,TRAFFICO,15.285297,37.091295,2019,354,11,13,24,5,11,18,22,27,34,70,188,1,0,1,1,0,0
Sicilia,Siracusa,Siracusa,SR - Pantheon,URBANA,TRAFFICO,15.285331,37.067768,2019,352,17,27,26,0,13,19,24,29,39,78,230,1,0,1,1,0,0
Sicilia,Siracusa,Siracusa,SR - Belvedere,SUBURBANA,FONDO,15.208712,37.093973,2019,353,5,6,17,0,5,11,15,19,26,61,180,1,0,0,1,0,0
Sicilia,Siracusa,Siracusa,SR - Teracati,URBANA,TRAFFICO,15.278581,37.075831,2019,26,0,1,22,6,12,17,19,25,31,48,48,0,0,1,1,0,0
Sicilia,Siracusa,Priolo Gargallo,Priolo,URBANA,FONDO,15.190867,37.156119,2019,316,11,18,22,5,9,14,20,25,33,78,209,1,0,1,1,0,0
Sardegna,Sassari,Alghero,CEALG1,URBANA,FONDO,8.324722,40.553333,2019,346,1,3,19,4,9,14,17,23,29,45,72,1,0,0,1,0,0
Sardegna,Sassari,Olbia,CENS10,URBANA,TRAFFICO,9.501667,40.928333,2019,357,3,5,22,5,11,16,21,27,34,50,68,1,0,1,1,0,0
Sardegna,Sassari,Olbia,CEOLB1,SUBURBANA,FONDO,9.491667,40.9275,2019,341,4,4,19,5,9,13,17,23,31,54,67,1,0,0,1,0,0
Sardegna,Sassari,Porto Torres,CENSS3,SUBURBANA,INDUSTRIALE,8.360278,40.815,2019,361,1,1,17,3,7,12,16,21,25,39,57,1,0,0,1,0,0
Sardegna,Sassari,Porto Torres,CENSS4,SUBURBANA,INDUSTRIALE,8.393889,40.831944,2019,346,2,2,15,1,5,11,14,18,22,38,74,1,0,0,0,0,0
Sardegna,Sassari,Porto Torres,CENPT1,URBANA,FONDO,8.405278,40.831389,2019,348,4,5,20,5,10,15,19,25,30,52,74,1,0,0,1,0,0
Sardegna,Sassari,Sassari,CENS12,SUBURBANA,TRAFFICO,8.55139,40.71028,2019,361,2,2,19,3,10,14,18,22,27,39,86,1,0,0,1,0,0
Sardegna,Sassari,Sassari,CENS16,URBANA,FONDO,8.57611,40.72444,2019,344,9,14,25,3,10,18,23,29,38,54,82,1,0,1,1,0,0
Sardegna,Sassari,Sassari,CENSS2,RURALE,FONDO,8.275278,40.809167,2019,344,0,1,13,2,5,9,12,15,21,40,47,1,0,0,0,0,0
Sardegna,Nuoro,Macomer,CENMA1,RURALE-NEARCITY,FONDO,8.773056,40.256389,2019,328,2,3,14,2,6,10,13,16,21,42,72,1,0,0,0,0,0
Sardegna,Nuoro,Nuoro,CENNU2,URBANA,FONDO,9.32889,40.31889,2019,347,3,6,20,6,10,15,18,23,31,52,71,1,0,0,1,0,0
Sardegna,Nuoro,Nuoro,CENNU1,URBANA,FONDO,9.321667,40.320556,2019,342,0,2,8,4,4,5,5,7,12,43,48,1,0,0,0,0,0
Sardegna,Nuoro,Siniscola,CENSN1,URBANA,FONDO,9.69444,40.575,2019,352,14,19,21,7,9,13,18,24,36,71,77,1,0,1,1,0,0
Sardegna,Cagliari,Assemini,CENAS6,SUBURBANA,FONDO,8.983889,39.238333,2019,351,12,15,19,3,6,11,15,21,32,74,121,1,0,0,1,0,0
Sardegna,Cagliari,Assemini,CENAS8,SUBURBANA,INDUSTRIALE,8.995833,39.226944,2019,323,6,10,22,2,8,15,20,26,37,56,80,1,0,1,1,0,0
Sardegna,Cagliari,Assemini,CENAS9,URBANA,FONDO,9.011389,39.286389,2019,339,12,19,22,2,7,13,19,29,40,67,75,1,0,1,1,0,0
Sardegna,Cagliari,Cagliari,CENCA1,URBANA,TRAFFICO,9.115,39.235833,2019,357,22,29,30,5,18,23,28,35,44,71,84,1,0,1,1,0,0
Sardegna,Cagliari,Quartu Sant'Elena,CENQU1,URBANA,FONDO,9.188056,39.232778,2019,360,2,4,18,2,7,12,16,22,29,46,74,1,0,0,1,0,0
Sardegna,Cagliari,Sarroch,CENSA2,SUBURBANA,INDUSTRIALE,9.016667,39.07,2019,333,7,9,21,4,8,14,19,24,32,61,93,1,0,1,1,0,0
Sardegna,Cagliari,Sarroch,CENSA3,URBANA,FONDO,9.008889,39.066667,2019,347,3,3,16,3,6,10,14,20,28,46,70,1,0,0,1,0,0
Sardegna,Cagliari,Monserrato,CENMO1,URBANA,FONDO,9.136389,39.260556,2019,356,16,24,26,4,13,18,24,31,42,79,84,1,0,1,1,0,0
Sardegna,Oristano,Oristano,CENOR2,URBANA,FONDO,8.59472,39.90917,2019,341,9,13,30,14,18,24,29,34,41,58,85,1,0,1,1,0,0
Sardegna,Oristano,Oristano,CENOR1,URBANA,FONDO,8.59778,39.89889,2019,349,7,14,23,5,11,16,21,27,37,57,81,1,0,1,1,0,0
Sardegna,Oristano,Santa Giusta,CESGI1,URBANA,FONDO,8.605278,39.885278,2019,348,17,22,26,4,11,18,24,31,41,71,80,1,0,1,1,0,0
Sardegna,Sud Sardegna,Carbonia,CENCB2,SUBURBANA,FONDO,8.521389,39.165556,2019,343,2,2,9,2,2,3,6,11,19,43,75,1,0,0,0,0,0
Sardegna,Sud Sardegna,Gonnesa,CENNF1,SUBURBANA,FONDO,8.4325,39.224167,2019,345,2,4,13,2,4,7,12,18,24,46,61,1,0,0,0,0,0
Sardegna,Sud Sardegna,Iglesias,CENIG1,URBANA,FONDO,8.541389,39.311111,2019,348,6,7,17,3,7,11,16,20,27,53,70,1,0,0,1,0,0
Sardegna,Sud Sardegna,Nuraminis,CENNM1,RURALE,FONDO,9.015278,39.443611,2019,342,4,9,20,4,9,14,19,24,30,54,60,1,0,0,1,0,0
Sardegna,Sud Sardegna,Portoscuso,CENPS4,SUBURBANA,FONDO,8.39,39.208611,2019,333,14,19,25,9,12,17,22,29,38,77,106,1,0,1,1,0,0
Sardegna,Sud Sardegna,Portoscuso,CENPS6,SUBURBANA,INDUSTRIALE,8.43028,39.17722,2019,333,2,5,18,5,9,13,17,20,25,46,73,1,0,0,1,0,0
Sardegna,Sud Sardegna,Portoscuso,CENPS7,SUBURBANA,FONDO,8.386111,39.203333,2019,353,12,27,28,5,14,20,25,32,41,82,136,1,0,1,1,0,0
Sardegna,Sud Sardegna,San Gavino Monreale,CENSG3,URBANA,FONDO,8.79417,39.54667,2019,335,65,83,37,14,18,25,32,45,59,96,116,1,0,1,1,1,1
Sardegna,Sud Sardegna,Seulo,CENSE0,RURALE-REMOTA,FONDO,9.216389,39.8425,2019,353,0,2,12,1,4,7,10,14,19,40,50,1,0,0,0,0,0
,,,,,,,,2019,323,6,9,18,2,6,10,15,22,33,71,83,1,0,0,1,0,0